text,label
Hot single girls in your city want to hook up tonight! Click here: http://adult-date-hookup.xyz Check it out now!,1
JOIN MY PRIVATE 18+ LEAKS CHANNEL FOR FREE HOT VIDEOS: HTTPS://T.ME/XXX_LEAK_HUB,1
Planted a Maple tree for 25 min with the study group.,0
"Thanks for planting with me, that was a super focused session.",0
Go cry somewhere else you pathetic loser.,1
Organizing my study schedule for midterms next week.,0
Anyone studying for the GRE or IELTS this weekend?,0
Anyone studying for the GRE or IELTS this weekend?,0
Can someone join a 60 minute pomodoro room with me?,0
Anyone studying for the GRE or IELTS this weekend?,0
"Finished 17 hours of deep work today, feeling accomplished.",0
HEY LISTEN: CashApp flip glitch! Turn $20 into $500 in 15 minutes! DM @fast_cash_glitch !!!,1
Taking a 5 min stretch break after a solid 45 min sprint.,0
"Free Netflix, Disney+, and Spotify lifetime accounts DM me right now!",1
Join my study room here: https://forestapp.cc/join-room?token=9284FDS,0
Taking a 5 min stretch break after a solid 50 min sprint.,0
Working on my Computer Networks assignment and taking notes.,0
Can someone join a 45 minute pomodoro room with me?,0
Does anyone have notes or practice problems for Biology Genetics?,0
What tree are you all planting today? I picked the cedar tree.,0
Where can I find the leaderboard rankings for this week?,0
Join my study room here: https://forestapp.cc/join-room?token=CDM7CXSG,0
"HEY LISTEN: Get lost you filthy troll, you disgust everyone here. !!!",1
Where can I find the leaderboard rankings for this week?,0
Can someone join a 90 minute pomodoro room with me?,0
SPAMMING RANDOM LINKS CHECK OUT MY STREAM AND DONATE MONEY: TWITCH.TV/SPAMMER_BOT,1
"STOP SPAMMING YOUR PATHETIC LIFE HERE, NOBODY ASKED.",1
"You are completely worthless, stop talking in this group.",1
"Pay for homework and essay writing services, guaranteed A+ grade: https://essay-plagiarize.biz",1
Reviewing calculus integration formulas and practice tests.,0
CashApp flip glitch! Turn $20 into $500 in 15 minutes! DM @fast_cash_glitch Check it out now!,1
Go cry somewhere else you pathetic loser.,1
Crytooooo,1
Go cry somewhere else you pathetic loser.,1
"Stop spamming your pathetic life here, nobody asked. Check it out now!",1
Working on my Linear Algebra assignment and taking notes.,0
"MAKE $5,000 DAILY WORKING FROM HOME WITH ZERO INVESTMENT! DM ME ON WHATSAPP: +123456789",1
"HEY LISTEN: You are an absolute idiot and nobody likes you, get out of here. !!!",1
"BUY CHEAP TELEGRAM MEMBERS, BOT VIEWS, AND FAKE LIKES AT HTTPS://SMM-CHEAP-BOOST.COM",1
KILL YOURSELF YOU PATHETIC EXCUSE OF A STUDENT.,1
Going to study Organic Chemistry for 25 minutes today.,0
Can someone join a 60 minute pomodoro room with me?,0
"YOU PIECE OF TRASH, DELETE YOUR ACCOUNT AND LEAVE.",1
"Get lost you filthy troll, you disgust everyone here. Check it out now!",1
"Good luck with your exams everyone, we got this!",0
"Great session team, see you all for tomorrow's challenge.",0
Reading chapter 14 of Psychology textbook.,0
HEY LISTEN: Send 0.05 ETH to my wallet address and get 0.5 ETH back instantly! Promo ending soon! !!!,1
Time to put down your phone and get back to work! Enter my room code: CYJRHXSG to plant a Moon Tree with me!,0
"Good luck with your exams everyone, we got this!",0
Working on my Calculus assignment and taking notes.,0
CASHAPP FLIP GLITCH! TURN $20 INTO $500 IN 15 MINUTES! DM @FAST_CASH_GLITCH,1
F*** you and your stupid study session.,1
"BUY CHEAP TELEGRAM MEMBERS, BOT VIEWS, AND FAKE LIKES AT HTTPS://SMM-CHEAP-BOOST.COM",1
"I hate you so much, you are the most annoying person alive.",1
"I love this community, helped me build a consistent study habit.",0
CASHAPP FLIP GLITCH! TURN $20 INTO $500 IN 15 MINUTES! DM @FAST_CASH_GLITCH,1
Working on my World History assignment and taking notes.,0
"HEY LISTEN: Nobody cares about your dumb notes, kill yourself. !!!",1
HEY LISTEN: Exclusive Telegram airdrop claim 500 TON tokens for free right now: https://t.me/free_ton_airdrop !!!,1
"Stop spamming your pathetic life here, nobody asked.",1
"You are an absolute idiot and nobody likes you, get out of here.",1
FREE BITCOIN GIVEAWAY! CLICK HERE NOW TO DOUBLE YOUR MONEY: https://scam-crypto-bonus.xyz Check it out now!,1
Just finished my daily reading challenge check-in.,0
F*** YOU AND YOUR STUPID STUDY SESSION.,1
"Taking a short 10 minute break to grab water, back soon.",0
"You piece of trash, delete your account and leave. Check it out now!",1
Reviewing calculus integration formulas and practice tests.,0
"Get lost you filthy troll, you disgust everyone here. Check it out now!",1
FREE BITCOIN GIVEAWAY! CLICK HERE NOW TO DOUBLE YOUR MONEY: https://scam-crypto-bonus.xyz,1
Join my private 18+ leaks channel for free hot videos: https://t.me/xxx_leak_hub,1
HEY LISTEN: Exclusive Telegram airdrop claim 500 TON tokens for free right now: https://t.me/free_ton_airdrop !!!,1
Hot single girls in your city want to hook up tonight! Click here: http://adult-date-hookup.xyz Check it out now!,1
"You are completely worthless, stop talking in this group. Check it out now!",1
"Buy cheap Telegram members, bot views, and fake likes at https://smm-cheap-boost.com",1
"NOBODY CARES ABOUT YOUR DUMB NOTES, KILL YOURSELF.",1
Drop out of school you lazy degenerate. Check it out now!,1
Shut your f***ing mouth before someone makes you.,1
F*** YOU AND YOUR STUPID STUDY SESSION.,1
"HEY LISTEN: You piece of trash, delete your account and leave. !!!",1
"I love this community, helped me build a consistent study habit.",0
"Buy cheap Telegram members, bot views, and fake likes at https://smm-cheap-boost.com",1
Reviewing calculus integration formulas and practice tests.,0
GO CRY SOMEWHERE ELSE YOU PATHETIC LOSER.,1
"Good luck with your exams everyone, we got this!",0
Planted a Maple tree for 120 min with the study group.,0
"Thanks for planting with me, that was a super focused session.",0
"YOU ARE AN ABSOLUTE IDIOT AND NOBODY LIKES YOU, GET OUT OF HERE.",1
"Buy cheap Telegram members, bot views, and fake likes at https://smm-cheap-boost.com",1
Review: Completed flashcards for organic chemistry.,0
Time to put down your phone and get back to work! Enter my room code: 4A2TUQJSG to plant a Maple with me!,0
Working on my Data Structures assignment and taking notes.,0
How do I track my session streaks with the bot?,0
CashApp flip glitch! Turn $20 into $500 in 15 minutes! DM @fast_cash_glitch Check it out now!,1
Go cry somewhere else you pathetic loser. Check it out now!,1
How do I track my session streaks with the bot?,0
CASHAPP FLIP GLITCH! TURN $20 INTO $500 IN 15 MINUTES! DM @FAST_CASH_GLITCH,1
Spamming random links check out my stream and donate money: twitch.tv/spammer_bot,1
"What a total retard, why are you even in this university?",1
HEY LISTEN: CashApp flip glitch! Turn $20 into $500 in 15 minutes! DM @fast_cash_glitch !!!,1
Hot single girls in your city want to hook up tonight! Click here: http://adult-date-hookup.xyz Check it out now!,1
Planted a Cedar tree for 90 min with the study group.,0
Exclusive Telegram airdrop claim 500 TON tokens for free right now: https://t.me/free_ton_airdrop,1
Review: Finished reading and highlighted key concepts in Psychology.,0
"YOU PIECE OF TRASH, DELETE YOUR ACCOUNT AND LEAVE.",1
"Taking a short 10 minute break to grab water, back soon.",0
DROP OUT OF SCHOOL YOU LAZY DEGENERATE.,1
"Leaked midterm exam papers and answer keys for sale! Guaranteed 100% score, message me. Check it out now!",1
"Leaked midterm exam papers and answer keys for sale! Guaranteed 100% score, message me. Check it out now!",1
"YOU ARE COMPLETELY WORTHLESS, STOP TALKING IN THIS GROUP.",1
Working on my Statistics assignment and taking notes.,0
"Starting a 30 min focus session on Physics Kinematics, let's get to work!",0
"Pay for homework and essay writing services, guaranteed A+ grade: https://essay-plagiarize.biz Check it out now!",1
Does anyone have notes or practice problems for Linear Algebra?,0
Planted a Cherry Blossom tree for 120 min with the study group.,0
"FREE NETFLIX, DISNEY+, AND SPOTIFY LIFETIME ACCOUNTS DM ME RIGHT NOW!",1
How do I track my session streaks with the bot?,0
"HEY LISTEN: You are completely worthless, stop talking in this group. !!!",1
Spamming random links check out my stream and donate money: twitch.tv/spammer_bot,1
"Leaked midterm exam papers and answer keys for sale! Guaranteed 100% score, message me. Check it out now!",1
Kill yourself you pathetic excuse of a student. Check it out now!,1
Organizing my study schedule for midterms next week.,0
"Earn $1,000 passive income every single day automatically: http://wealth-matrix-scam.ru Check it out now!",1
Working on my Calculus assignment and taking notes.,0
Review: Finished reading and highlighted key concepts in Organic Chemistry.,0
"Hey everyone, let's keep the momentum going this evening!",0
F*** you and your stupid study session.,1
"Idiot bilal, go die",1
Exclusive Telegram airdrop claim 500 TON tokens for free right now: https://t.me/free_ton_airdrop Check it out now!,1
Just finished my daily reading challenge check-in.,0
EXCLUSIVE TELEGRAM AIRDROP CLAIM 500 TON TOKENS FOR FREE RIGHT NOW: HTTPS://T.ME/FREE_TON_AIRDROP,1
Can someone join a 90 minute pomodoro room with me?,0
GO CRY SOMEWHERE ELSE YOU PATHETIC LOSER.,1
CLAIM YOUR $750 SHEIN / AMAZON GIFT CARD IMMEDIATELY AT HTTPS://GIFTCARD-CLAIM-NOW.TOP,1
Does anyone have notes or practice problems for Linear Algebra?,0
Writing my literature essay thesis statement and outline.,0
"HACKED CREDIT CARD DUMPS AND VERIFIED PAYPAL ACCOUNTS FOR SALE CHEAP, CONTACT @CARDING_KING",1
"HEY LISTEN: Make $5,000 daily working from home with zero investment! DM me on WhatsApp: +123456789 !!!",1
Reviewing calculus integration formulas and practice tests.,0
Review: Completed flashcards for organic chemistry.,0
Time to put down your phone and get back to work! Enter my room code: 7BJUHTSG to plant a Ginkgo with me!,0
HEY LISTEN: Join my private 18+ leaks channel for free hot videos: https://t.me/xxx_leak_hub !!!,1
Review: Completed flashcards for organic chemistry.,0
Kill yourself you pathetic excuse of a student. Check it out now!,1
Can someone join a 25 minute pomodoro room with me?,0
Reviewing calculus integration formulas and practice tests.,0
Taking a 5 min stretch break after a solid 60 min sprint.,0
Going to study Organic Chemistry for 50 minutes today.,0
Reviewing calculus integration formulas and practice tests.,0
Join my study room here: https://forestapp.cc/join-room?token=7BJUHTSG,0
"Leaked midterm exam papers and answer keys for sale! Guaranteed 100% score, message me. Check it out now!",1
"Review: Completed 18 questions in Physics Kinematics, session felt great.",0
"Good luck with your exams everyone, we got this!",0
Shut your f***ing mouth before someone makes you. Check it out now!,1
You're a brainless moron who will never pass any exam. Check it out now!,1
FREE BITCOIN GIVEAWAY! CLICK HERE NOW TO DOUBLE YOUR MONEY: https://scam-crypto-bonus.xyz Check it out now!,1
"Pay for homework and essay writing services, guaranteed A+ grade: https://essay-plagiarize.biz Check it out now!",1
Time to put down your phone and get back to work! Enter my room code: CYJRHXSG to plant a Maple with me!,0
Where can I find the leaderboard rankings for this week?,0
Time to put down your phone and get back to work! Enter my room code: CDM7CXSG to plant a Maple with me!,0
"Finished 15 hours of deep work today, feeling accomplished.",0
Good morning everyone! Hope you all have a productive study day.,0
"Taking a short 10 minute break to grab water, back soon.",0
"Nobody cares about your dumb notes, kill yourself.",0
HOT SINGLE GIRLS IN YOUR CITY WANT TO HOOK UP TONIGHT! CLICK HERE: HTTP://ADULT-DATE-HOOKUP.XYZ,1
Exclusive Telegram airdrop claim 500 TON tokens for free right now: https://t.me/free_ton_airdrop Check it out now!,1
Planted a Ginkgo tree for 90 min with the study group.,0
Planted a Oak tree for 30 min with the study group.,0
You're a brainless moron who will never pass any exam.,1
Organizing my study schedule for midterms next week.,0
"I hate you so much, you are the most annoying person alive. Check it out now!",1
Anyone studying for the GRE or IELTS this weekend?,0
Coding my web development homework in Python and React.,0
Review: Completed flashcards for organic chemistry.,0
"SHUT UP YOU STUPID CLOWN, YOU HAVE ZERO BRAIN CELLS.",1
Working on my Statistics assignment and taking notes.,0
HEY LISTEN: Hot single girls in your city want to hook up tonight! Click here: http://adult-date-hookup.xyz !!!,1
YOU'RE A BRAINLESS MORON WHO WILL NEVER PASS ANY EXAM.,1
CashApp flip glitch! Turn $20 into $500 in 15 minutes! DM @fast_cash_glitch,1
Can someone join a 15 minute pomodoro room with me?,0
Anyone studying for the GRE or IELTS this weekend?,0
"HEY LISTEN: Hacked credit card dumps and verified PayPal accounts for sale cheap, contact @carding_king !!!",1
"HEY LISTEN: Leaked midterm exam papers and answer keys for sale! Guaranteed 100% score, message me. !!!",1
"HEY LISTEN: Get lost you filthy troll, you disgust everyone here. !!!",1
"Stop spamming your pathetic life here, nobody asked.",1
"Buy cheap Telegram members, bot views, and fake likes at https://smm-cheap-boost.com Check it out now!",1
Planted a Cherry Blossom tree for 50 min with the study group.,0
"INVEST $100 IN MY CRYPTO TRADING BOT AND WITHDRAW $2,000 IN 2 HOURS GUARANTEED!",1
What tree are you all planting today? I picked the cedar tree.,0
"HEY LISTEN: You are completely worthless, stop talking in this group. !!!",1
"Great session team, see you all for tomorrow's challenge.",0
Planted a Oak tree for 25 min with the study group.,0
"I love this community, helped me build a consistent study habit.",0
Writing my literature essay thesis statement and outline.,0
Good morning everyone! Hope you all have a productive study day.,0
"Nobody cares about your dumb notes, kill yourself.",1
"Hey everyone, let's keep the momentum going this evening!",0
"Invest $100 in my crypto trading bot and withdraw $2,000 in 2 hours guaranteed! Check it out now!",1
Can someone join a 25 minute pomodoro room with me?,0
Taking a 5 min stretch break after a solid 90 min sprint.,0
Exclusive Telegram airdrop claim 500 TON tokens for free right now: https://t.me/free_ton_airdrop Check it out now!,1
"YOU ARE AN ABSOLUTE IDIOT AND NOBODY LIKES YOU, GET OUT OF HERE.",1
"HEY LISTEN: Nobody cares about your dumb notes, kill yourself. !!!",1
"Earn $1,000 passive income every single day automatically: http://wealth-matrix-scam.ru Check it out now!",1
SPAMMING RANDOM LINKS CHECK OUT MY STREAM AND DONATE MONEY: TWITCH.TV/SPAMMER_BOT,1
"You are an absolute idiot and nobody likes you, get out of here.",1
"Earn $1,000 passive income every single day automatically: http://wealth-matrix-scam.ru Check it out now!",1
"Great session team, see you all for tomorrow's challenge.",0
FREE BITCOIN GIVEAWAY! CLICK HERE NOW TO DOUBLE YOUR MONEY: https://scam-crypto-bonus.xyz,1
Just finished my daily reading challenge check-in.,0
HEY LISTEN: FREE BITCOIN GIVEAWAY! CLICK HERE NOW TO DOUBLE YOUR MONEY: https://scam-crypto-bonus.xyz !!!,1
"HEY LISTEN: Leaked midterm exam papers and answer keys for sale! Guaranteed 100% score, message me. !!!",1
"LEAKED MIDTERM EXAM PAPERS AND ANSWER KEYS FOR SALE! GUARANTEED 100% SCORE, MESSAGE ME.",1
"Great session team, see you all for tomorrow's challenge.",0
Join my study room here: https://forestapp.cc/join-room?token=3K7MQGESG,0
What tree are you all planting today? I picked the cedar tree.,0
Can someone join a 30 minute pomodoro room with me?,0
FREE BITCOIN GIVEAWAY! CLICK HERE NOW TO DOUBLE YOUR MONEY: HTTPS://SCAM-CRYPTO-BONUS.XYZ,1
"Earn $1,000 passive income every single day automatically: http://wealth-matrix-scam.ru Check it out now!",1
Just finished my daily reading challenge check-in.,0
Coding my web development homework in Python and React.,0
"Starting a 50 min focus session on Psychology, let's get to work!",0
Good morning everyone! Hope you all have a productive study day.,0
"You are completely worthless, stop talking in this group. Check it out now!",1
Reading chapter 20 of Calculus textbook.,0
"What a total retard, why are you even in this university?",1
Review: Completed flashcards for organic chemistry.,0
"STOP SPAMMING YOUR PATHETIC LIFE HERE, NOBODY ASKED.",1
Planted a Ginkgo tree for 25 min with the study group.,0
You're a brainless moron who will never pass any exam.,1
"HEY LISTEN: Make $5,000 daily working from home with zero investment! DM me on WhatsApp: +123456789 !!!",1
Anyone studying for the GRE or IELTS this weekend?,0
"NOBODY CARES ABOUT YOUR DUMB NOTES, KILL YOURSELF.",1
Working on my Computer Networks assignment and taking notes.,0
Review: Finished reading and highlighted key concepts in Linear Algebra.,0
"SHUT UP YOU STUPID CLOWN, YOU HAVE ZERO BRAIN CELLS.",1
Good morning everyone! Hope you all have a productive study day.,0
"Finished 9 hours of deep work today, feeling accomplished.",0
Spamming random links check out my stream and donate money: twitch.tv/spammer_bot Check it out now!,1
"YOU ARE AN ABSOLUTE IDIOT AND NOBODY LIKES YOU, GET OUT OF HERE.",1
F*** you and your stupid study session.,1
Does anyone have notes or practice problems for Psychology?,0
Review: Finished reading and highlighted key concepts in Data Structures.,0
"Review: Completed 8 questions in Physics Kinematics, session felt great.",0
Review: Finished reading and highlighted key concepts in Machine Learning.,0
Shut your f***ing mouth before someone makes you.,1
"HEY LISTEN: Shut up you stupid clown, you have zero brain cells. !!!",1
Taking a 5 min stretch break after a solid 15 min sprint.,0
"Pay for homework and essay writing services, guaranteed A+ grade: https://essay-plagiarize.biz",1
Anyone studying for the GRE or IELTS this weekend?,0
Reviewing calculus integration formulas and practice tests.,0
Organizing my study schedule for midterms next week.,0
"Get lost you filthy troll, you disgust everyone here. Check it out now!",1
Good morning everyone! Hope you all have a productive study day.,0
"HEY LISTEN: You are completely worthless, stop talking in this group. !!!",1
"NOBODY CARES ABOUT YOUR DUMB NOTES, KILL YOURSELF.",1
What tree are you all planting today? I picked the cedar tree.,0
HEY LISTEN: Claim your $750 Shein / Amazon gift card immediately at https://giftcard-claim-now.top !!!,1
"Earn $1,000 passive income every single day automatically: http://wealth-matrix-scam.ru",1
"Thanks for planting with me, that was a super focused session.",0
Reading chapter 19 of Macroeconomics textbook.,0
Kill yourself you pathetic excuse of a student. Check it out now!,1
FREE BITCOIN GIVEAWAY! CLICK HERE NOW TO DOUBLE YOUR MONEY: https://scam-crypto-bonus.xyz,1
"Great session team, see you all for tomorrow's challenge.",0
Does anyone have notes or practice problems for World History?,0
"Leaked midterm exam papers and answer keys for sale! Guaranteed 100% score, message me.",1
"Get lost you filthy troll, you disgust everyone here.",1
Going to study Computer Networks for 50 minutes today.,0
"Make $5,000 daily working from home with zero investment! DM me on WhatsApp: +123456789 Check it out now!",1
"Finished 17 hours of deep work today, feeling accomplished.",0
YOU'RE A BRAINLESS MORON WHO WILL NEVER PASS ANY EXAM.,1
Spamming random links check out my stream and donate money: twitch.tv/spammer_bot Check it out now!,1
"HEY LISTEN: Shut up you stupid clown, you have zero brain cells. !!!",1
HEY LISTEN: CashApp flip glitch! Turn $20 into $500 in 15 minutes! DM @fast_cash_glitch !!!,1
Coding my web development homework in Python and React.,0
"You piece of trash, delete your account and leave. Check it out now!",1
Writing my literature essay thesis statement and outline.,0
Just finished my daily reading challenge check-in.,0
Anyone studying for the GRE or IELTS this weekend?,0
"Great session team, see you all for tomorrow's challenge.",0
HEY LISTEN: Hot single girls in your city want to hook up tonight! Click here: http://adult-date-hookup.xyz !!!,1
"Review: Completed 17 questions in Organic Chemistry, session felt great.",0
Just finished my daily reading challenge check-in.,0
FREE BITCOIN GIVEAWAY! CLICK HERE NOW TO DOUBLE YOUR MONEY: https://scam-crypto-bonus.xyz Check it out now!,1
Join my study room here: https://forestapp.cc/join-room?token=9284FDS,0
Reviewing calculus integration formulas and practice tests.,0
Join my private 18+ leaks channel for free hot videos: https://t.me/xxx_leak_hub,1
Good morning everyone! Hope you all have a productive study day.,0
Reviewing calculus integration formulas and practice tests.,0
HEY LISTEN: Hot single girls in your city want to hook up tonight! Click here: http://adult-date-hookup.xyz !!!,1
"Good luck with your exams everyone, we got this!",0
"Shut up you stupid clown, you have zero brain cells.",1
Time to put down your phone and get back to work! Enter my room code: 3K7MQGESG to plant a Ginkgo with me!,0
"WHAT A TOTAL RETARD, WHY ARE YOU EVEN IN THIS UNIVERSITY?",1
F*** you and your stupid study session. Check it out now!,1
Reading chapter 11 of Data Structures textbook.,0
HEY LISTEN: Drop out of school you lazy degenerate. !!!,1
Anyone studying for the GRE or IELTS this weekend?,0
Reviewing calculus integration formulas and practice tests.,0
HEY LISTEN: Hot single girls in your city want to hook up tonight! Click here: http://adult-date-hookup.xyz !!!,1
"Thanks for planting with me, that was a super focused session.",0
F*** YOU AND YOUR STUPID STUDY SESSION.,1
Can someone join a 60 minute pomodoro room with me?,0
"Hey everyone, let's keep the momentum going this evening!",0
Organizing my study schedule for midterms next week.,0
Can someone join a 15 minute pomodoro room with me?,0
CLAIM YOUR $750 SHEIN / AMAZON GIFT CARD IMMEDIATELY AT HTTPS://GIFTCARD-CLAIM-NOW.TOP,1
"I love this community, helped me build a consistent study habit.",0
Going to study Macroeconomics for 25 minutes today.,0
"Review: Completed 8 questions in Data Structures, session felt great.",0
Working on my Biology Genetics assignment and taking notes.,0
"Great session team, see you all for tomorrow's challenge.",0
Claim your $750 Shein / Amazon gift card immediately at https://giftcard-claim-now.top Check it out now!,1
HEY LISTEN: Join my private 18+ leaks channel for free hot videos: https://t.me/xxx_leak_hub !!!,1
"Finished 3 hours of deep work today, feeling accomplished.",0
Can someone join a 50 minute pomodoro room with me?,0
Join my study room here: https://forestapp.cc/join-room?token=7BJUHTSG,0
"You piece of trash, delete your account and leave. Check it out now!",1
"Taking a short 10 minute break to grab water, back soon.",0
"HEY LISTEN: What a total retard, why are you even in this university? !!!",1
Time to put down your phone and get back to work! Enter my room code: CYJRHXSG to plant a Moon Tree with me!,0
Claim your $750 Shein / Amazon gift card immediately at https://giftcard-claim-now.top,1
"YOU PIECE OF TRASH, DELETE YOUR ACCOUNT AND LEAVE.",1
Working on my Linear Algebra assignment and taking notes.,0
Organizing my study schedule for midterms next week.,0
Good morning everyone! Hope you all have a productive study day.,0
GO CRY SOMEWHERE ELSE YOU PATHETIC LOSER.,1
Taking a 5 min stretch break after a solid 15 min sprint.,0
Can someone join a 120 minute pomodoro room with me?,0
"You are completely worthless, stop talking in this group. Check it out now!",1
"YOU ARE COMPLETELY WORTHLESS, STOP TALKING IN THIS GROUP.",1
HEY LISTEN: Hot single girls in your city want to hook up tonight! Click here: http://adult-date-hookup.xyz !!!,1
F*** you and your stupid study session. Check it out now!,1
SEND 0.05 ETH TO MY WALLET ADDRESS AND GET 0.5 ETH BACK INSTANTLY! PROMO ENDING SOON!,1
"Leaked midterm exam papers and answer keys for sale! Guaranteed 100% score, message me. Check it out now!",1
"Earn $1,000 passive income every single day automatically: http://wealth-matrix-scam.ru",1
Time to put down your phone and get back to work! Enter my room code: 9284FDS to plant a Weeping Willow with me!,0
Reviewing calculus integration formulas and practice tests.,0
"HEY LISTEN: Buy cheap Telegram members, bot views, and fake likes at https://smm-cheap-boost.com !!!",1
How do I track my session streaks with the bot?,0
Where can I find the leaderboard rankings for this week?,0
"SHUT UP YOU STUPID CLOWN, YOU HAVE ZERO BRAIN CELLS.",1
"LEAKED MIDTERM EXAM PAPERS AND ANSWER KEYS FOR SALE! GUARANTEED 100% SCORE, MESSAGE ME.",1
HEY LISTEN: Go cry somewhere else you pathetic loser. !!!,1
Join my study room here: https://forestapp.cc/join-room?token=9284FDS,0
Going to study Calculus for 90 minutes today.,0
SHUT YOUR F***ING MOUTH BEFORE SOMEONE MAKES YOU.,1
"Finished 9 hours of deep work today, feeling accomplished.",0
"HEY LISTEN: Shut up you stupid clown, you have zero brain cells. !!!",1
"You are completely worthless, stop talking in this group.",1
"HEY LISTEN: Stop spamming your pathetic life here, nobody asked. !!!",1
"HEY LISTEN: You piece of trash, delete your account and leave. !!!",1
HEY LISTEN: CashApp flip glitch! Turn $20 into $500 in 15 minutes! DM @fast_cash_glitch !!!,1
"Free Netflix, Disney+, and Spotify lifetime accounts DM me right now! Check it out now!",1
Coding my web development homework in Python and React.,0
YOU'RE A BRAINLESS MORON WHO WILL NEVER PASS ANY EXAM.,1
Kill yourself you pathetic excuse of a student. Check it out now!,1
"YOU ARE COMPLETELY WORTHLESS, STOP TALKING IN THIS GROUP.",1
Writing my literature essay thesis statement and outline.,0
"Finished 12 hours of deep work today, feeling accomplished.",0
"I love this community, helped me build a consistent study habit.",0
"You are an absolute idiot and nobody likes you, get out of here.",1
Review: Completed flashcards for organic chemistry.,0
"NOBODY CARES ABOUT YOUR DUMB NOTES, KILL YOURSELF.",1
Just finished my daily reading challenge check-in.,0
Does anyone have notes or practice problems for Data Structures?,0
Organizing my study schedule for midterms next week.,0
How do I track my session streaks with the bot?,0
Planted a Oak tree for 25 min with the study group.,0
Working on my Physics Kinematics assignment and taking notes.,0
"EARN $1,000 PASSIVE INCOME EVERY SINGLE DAY AUTOMATICALLY: HTTP://WEALTH-MATRIX-SCAM.RU",1
Good morning everyone! Hope you all have a productive study day.,0
"Finished 6 hours of deep work today, feeling accomplished.",0
HEY LISTEN: FREE BITCOIN GIVEAWAY! CLICK HERE NOW TO DOUBLE YOUR MONEY: https://scam-crypto-bonus.xyz !!!,1
Reading chapter 13 of World History textbook.,0
"Great session team, see you all for tomorrow's challenge.",0
Review: Completed flashcards for organic chemistry.,0
Join my study room here: https://forestapp.cc/join-room?token=4A2TUQJSG,0
Where can I find the leaderboard rankings for this week?,0
Review: Finished reading and highlighted key concepts in Statistics.,0
"Finished 5 hours of deep work today, feeling accomplished.",0
GO CRY SOMEWHERE ELSE YOU PATHETIC LOSER.,1
"HEY LISTEN: What a total retard, why are you even in this university? !!!",1
HEY LISTEN: Spamming random links check out my stream and donate money: twitch.tv/spammer_bot !!!,1
"What a total retard, why are you even in this university? Check it out now!",1
"Nobody cares about your dumb notes, kill yourself. Check it out now!",1
F*** YOU AND YOUR STUPID STUDY SESSION.,1
CLAIM YOUR $750 SHEIN / AMAZON GIFT CARD IMMEDIATELY AT HTTPS://GIFTCARD-CLAIM-NOW.TOP,1
"Thanks for planting with me, that was a super focused session.",0
Taking a 5 min stretch break after a solid 30 min sprint.,0
Exclusive Telegram airdrop claim 500 TON tokens for free right now: https://t.me/free_ton_airdrop,1
Planted a Moon Tree tree for 50 min with the study group.,0
Working on my Linear Algebra assignment and taking notes.,0
Coding my web development homework in Python and React.,0
Coding my web development homework in Python and React.,0
Where can I find the leaderboard rankings for this week?,0
"I love this community, helped me build a consistent study habit.",0
"HEY LISTEN: Get lost you filthy troll, you disgust everyone here. !!!",1
"Taking a short 10 minute break to grab water, back soon.",0
Join my study room here: https://forestapp.cc/join-room?token=3K7MQGESG,0
"You are an absolute idiot and nobody likes you, get out of here.",1
"HEY LISTEN: Get lost you filthy troll, you disgust everyone here. !!!",1
KILL YOURSELF YOU PATHETIC EXCUSE OF A STUDENT.,1
Coding my web development homework in Python and React.,0
Going to study Organic Chemistry for 50 minutes today.,0
HEY LISTEN: F*** you and your stupid study session. !!!,1
"Free Netflix, Disney+, and Spotify lifetime accounts DM me right now! Check it out now!",1
Organizing my study schedule for midterms next week.,0
Writing my literature essay thesis statement and outline.,0
Writing my literature essay thesis statement and outline.,0
Taking a 5 min stretch break after a solid 15 min sprint.,0
FREE BITCOIN GIVEAWAY! CLICK HERE NOW TO DOUBLE YOUR MONEY: https://scam-crypto-bonus.xyz,1
F*** you and your stupid study session. Check it out now!,1
Reviewing calculus integration formulas and practice tests.,0
Writing my literature essay thesis statement and outline.,0
Review: Finished reading and highlighted key concepts in Biology Genetics.,0
Reviewing calculus integration formulas and practice tests.,0
"You are an absolute idiot and nobody likes you, get out of here. Check it out now!",1
Coding my web development homework in Python and React.,0
"YOU ARE AN ABSOLUTE IDIOT AND NOBODY LIKES YOU, GET OUT OF HERE.",1
"You are an absolute idiot and nobody likes you, get out of here. Check it out now!",1
"WHAT A TOTAL RETARD, WHY ARE YOU EVEN IN THIS UNIVERSITY?",1
HEY LISTEN: CashApp flip glitch! Turn $20 into $500 in 15 minutes! DM @fast_cash_glitch !!!,1
HEY LISTEN: CashApp flip glitch! Turn $20 into $500 in 15 minutes! DM @fast_cash_glitch !!!,1
Does anyone have notes or practice problems for Statistics?,0
"Buy cheap Telegram members, bot views, and fake likes at https://smm-cheap-boost.com",1
Planted a Oak tree for 45 min with the study group.,0
"Thanks for planting with me, that was a super focused session.",0
"Hey everyone, let's keep the momentum going this evening!",0
Go cry somewhere else you pathetic loser.,1
Organizing my study schedule for midterms next week.,0
SPAMMING RANDOM LINKS CHECK OUT MY STREAM AND DONATE MONEY: TWITCH.TV/SPAMMER_BOT,1
How do I track my session streaks with the bot?,0
Review: Completed flashcards for organic chemistry.,0
Coding my web development homework in Python and React.,0
"HEY LISTEN: Leaked midterm exam papers and answer keys for sale! Guaranteed 100% score, message me. !!!",1
SHUT YOUR F***ING MOUTH BEFORE SOMEONE MAKES YOU.,1
"Taking a short 10 minute break to grab water, back soon.",0
CLAIM YOUR $750 SHEIN / AMAZON GIFT CARD IMMEDIATELY AT HTTPS://GIFTCARD-CLAIM-NOW.TOP,1
Drop out of school you lazy degenerate.,1
Going to study Data Structures for 25 minutes today.,0
"Invest $100 in my crypto trading bot and withdraw $2,000 in 2 hours guaranteed! Check it out now!",1
How do I track my session streaks with the bot?,0
Review: Finished reading and highlighted key concepts in Psychology.,0
"I love this community, helped me build a consistent study habit.",0
"HEY LISTEN: Pay for homework and essay writing services, guaranteed A+ grade: https://essay-plagiarize.biz !!!",1
"Leaked midterm exam papers and answer keys for sale! Guaranteed 100% score, message me.",1
"Finished 16 hours of deep work today, feeling accomplished.",0
"Hey everyone, let's keep the momentum going this evening!",0
HEY LISTEN: Exclusive Telegram airdrop claim 500 TON tokens for free right now: https://t.me/free_ton_airdrop !!!,1
"I HATE YOU SO MUCH, YOU ARE THE MOST ANNOYING PERSON ALIVE.",1
What tree are you all planting today? I picked the cedar tree.,0
Send 0.05 ETH to my wallet address and get 0.5 ETH back instantly! Promo ending soon!,1
Review: Finished reading and highlighted key concepts in Calculus.,0
Good morning everyone! Hope you all have a productive study day.,0
Spamming random links check out my stream and donate money: twitch.tv/spammer_bot,1
Can someone join a 90 minute pomodoro room with me?,0
Anyone studying for the GRE or IELTS this weekend?,0
Working on my Calculus assignment and taking notes.,0
SEND 0.05 ETH TO MY WALLET ADDRESS AND GET 0.5 ETH BACK INSTANTLY! PROMO ENDING SOON!,1
"HEY LISTEN: What a total retard, why are you even in this university? !!!",1
"Make $5,000 daily working from home with zero investment! DM me on WhatsApp: +123456789 Check it out now!",1
Can someone join a 25 minute pomodoro room with me?,0
You're a brainless moron who will never pass any exam. Check it out now!,1
Good morning everyone! Hope you all have a productive study day.,0
HEY LISTEN: Go cry somewhere else you pathetic loser. !!!,1
"HEY LISTEN: Earn $1,000 passive income every single day automatically: http://wealth-matrix-scam.ru !!!",1
"Starting a 50 min focus session on Statistics, let's get to work!",0
GO CRY SOMEWHERE ELSE YOU PATHETIC LOSER.,1
Taking a 5 min stretch break after a solid 25 min sprint.,0
Just finished my daily reading challenge check-in.,0
"FREE NETFLIX, DISNEY+, AND SPOTIFY LIFETIME ACCOUNTS DM ME RIGHT NOW!",1
"BUY CHEAP TELEGRAM MEMBERS, BOT VIEWS, AND FAKE LIKES AT HTTPS://SMM-CHEAP-BOOST.COM",1
"I hate you so much, you are the most annoying person alive.",1
"LEAKED MIDTERM EXAM PAPERS AND ANSWER KEYS FOR SALE! GUARANTEED 100% SCORE, MESSAGE ME.",1
"Good luck with your exams everyone, we got this!",0
Planted a Cherry Blossom tree for 15 min with the study group.,0
Reading chapter 9 of Machine Learning textbook.,0
Taking a 5 min stretch break after a solid 90 min sprint.,0
Review: Finished reading and highlighted key concepts in Organic Chemistry.,0
Taking a 5 min stretch break after a solid 90 min sprint.,0
How do I track my session streaks with the bot?,0
HEY LISTEN: FREE BITCOIN GIVEAWAY! CLICK HERE NOW TO DOUBLE YOUR MONEY: https://scam-crypto-bonus.xyz !!!,1
Hot single girls in your city want to hook up tonight! Click here: http://adult-date-hookup.xyz Check it out now!,1
HOT SINGLE GIRLS IN YOUR CITY WANT TO HOOK UP TONIGHT! CLICK HERE: HTTP://ADULT-DATE-HOOKUP.XYZ,1
Join my private 18+ leaks channel for free hot videos: https://t.me/xxx_leak_hub,1
Going to study Biology Genetics for 45 minutes today.,0
HEY LISTEN: You're a brainless moron who will never pass any exam. !!!,1
"NOBODY CARES ABOUT YOUR DUMB NOTES, KILL YOURSELF.",1
Review: Finished reading and highlighted key concepts in Machine Learning.,0
"I love this community, helped me build a consistent study habit.",0
HOT SINGLE GIRLS IN YOUR CITY WANT TO HOOK UP TONIGHT! CLICK HERE: HTTP://ADULT-DATE-HOOKUP.XYZ,1
"Nobody cares about your dumb notes, kill yourself.",1
"Make $5,000 daily working from home with zero investment! DM me on WhatsApp: +123456789 Check it out now!",1
"YOU ARE COMPLETELY WORTHLESS, STOP TALKING IN THIS GROUP.",1
"HEY LISTEN: Free Netflix, Disney+, and Spotify lifetime accounts DM me right now! !!!",1
Join my study room here: https://forestapp.cc/join-room?token=CDM7CXSG,0
"Taking a short 10 minute break to grab water, back soon.",0
"HEY LISTEN: Stop spamming your pathetic life here, nobody asked. !!!",1
Time to put down your phone and get back to work! Enter my room code: 7BJUHTSG to plant a Moon Tree with me!,0
DROP OUT OF SCHOOL YOU LAZY DEGENERATE.,1
Writing my literature essay thesis statement and outline.,0
Can someone join a 15 minute pomodoro room with me?,0
"I love this community, helped me build a consistent study habit.",0
"Nobody cares about your dumb notes, kill yourself. Check it out now!",1
Shut your f***ing mouth before someone makes you.,1
HEY LISTEN: Send 0.05 ETH to my wallet address and get 0.5 ETH back instantly! Promo ending soon! !!!,1
"WHAT A TOTAL RETARD, WHY ARE YOU EVEN IN THIS UNIVERSITY?",1
"Hey everyone, let's keep the momentum going this evening!",0
HEY LISTEN: Kill yourself you pathetic excuse of a student. !!!,1
"Invest $100 in my crypto trading bot and withdraw $2,000 in 2 hours guaranteed!",1
"Shut up you stupid clown, you have zero brain cells.",1
Reading chapter 14 of Machine Learning textbook.,0
Drop out of school you lazy degenerate.,1
Going to study Organic Chemistry for 60 minutes today.,0
Anyone studying for the GRE or IELTS this weekend?,0
Review: Finished reading and highlighted key concepts in Physics Kinematics.,0
"I love this community, helped me build a consistent study habit.",0
"Stop spamming your pathetic life here, nobody asked.",1
"Buy cheap Telegram members, bot views, and fake likes at https://smm-cheap-boost.com Check it out now!",1
"I love this community, helped me build a consistent study habit.",0
SHUT YOUR F***ING MOUTH BEFORE SOMEONE MAKES YOU.,1
"Good luck with your exams everyone, we got this!",0
SHUT YOUR F***ING MOUTH BEFORE SOMEONE MAKES YOU.,1
Good morning everyone! Hope you all have a productive study day.,0
You're a brainless moron who will never pass any exam.,1
Reviewing calculus integration formulas and practice tests.,0
"Good luck with your exams everyone, we got this!",0
"I HATE YOU SO MUCH, YOU ARE THE MOST ANNOYING PERSON ALIVE.",1
Time to put down your phone and get back to work! Enter my room code: 4A2TUQJSG to plant a Cherry Blossom with me!,0
"I love this community, helped me build a consistent study habit.",0
Reviewing calculus integration formulas and practice tests.,0
"Starting a 30 min focus session on Psychology, let's get to work!",0
CASHAPP FLIP GLITCH! TURN $20 INTO $500 IN 15 MINUTES! DM @FAST_CASH_GLITCH,1
HEY LISTEN: Claim your $750 Shein / Amazon gift card immediately at https://giftcard-claim-now.top !!!,1
"I love this community, helped me build a consistent study habit.",0
"MAKE $5,000 DAILY WORKING FROM HOME WITH ZERO INVESTMENT! DM ME ON WHATSAPP: +123456789",1
Does anyone have notes or practice problems for Linear Algebra?,0
"HEY LISTEN: What a total retard, why are you even in this university? !!!",1
"HEY LISTEN: Leaked midterm exam papers and answer keys for sale! Guaranteed 100% score, message me. !!!",1
How do I track my session streaks with the bot?,0
"HEY LISTEN: You are an absolute idiot and nobody likes you, get out of here. !!!",1
"Good luck with your exams everyone, we got this!",0
Claim your $750 Shein / Amazon gift card immediately at https://giftcard-claim-now.top,1
Review: Completed flashcards for organic chemistry.,0
Kill yourself you pathetic excuse of a student. Check it out now!,1
Review: Finished reading and highlighted key concepts in Physics Kinematics.,0
"Nobody cares about your dumb notes, kill yourself.",1
"Make $5,000 daily working from home with zero investment! DM me on WhatsApp: +123456789",1
F*** you and your stupid study session.,1
Taking a 5 min stretch break after a solid 120 min sprint.,0
"FREE NETFLIX, DISNEY+, AND SPOTIFY LIFETIME ACCOUNTS DM ME RIGHT NOW!",1
Going to study Macroeconomics for 30 minutes today.,0
What tree are you all planting today? I picked the cedar tree.,0
Where can I find the leaderboard rankings for this week?,0
"Stop spamming your pathetic life here, nobody asked.",1
Drop out of school you lazy degenerate.,1
"HEY LISTEN: You are completely worthless, stop talking in this group. !!!",1
"HEY LISTEN: Stop spamming your pathetic life here, nobody asked. !!!",1
"Review: Completed 5 questions in Biology Genetics, session felt great.",0
"Shut up you stupid clown, you have zero brain cells.",1
"HEY LISTEN: What a total retard, why are you even in this university? !!!",1
Planted a Oak tree for 30 min with the study group.,0
Taking a 5 min stretch break after a solid 50 min sprint.,0
Organizing my study schedule for midterms next week.,0
HEY LISTEN: Spamming random links check out my stream and donate money: twitch.tv/spammer_bot !!!,1
"Hey everyone, let's keep the momentum going this evening!",0
Can someone join a 30 minute pomodoro room with me?,0
HEY LISTEN: Spamming random links check out my stream and donate money: twitch.tv/spammer_bot !!!,1
You're a brainless moron who will never pass any exam.,1
CashApp flip glitch! Turn $20 into $500 in 15 minutes! DM @fast_cash_glitch,1
"I love this community, helped me build a consistent study habit.",0
What tree are you all planting today? I picked the cedar tree.,0
"Make $5,000 daily working from home with zero investment! DM me on WhatsApp: +123456789 Check it out now!",1
Review: Finished reading and highlighted key concepts in Physics Kinematics.,0
"FREE NETFLIX, DISNEY+, AND SPOTIFY LIFETIME ACCOUNTS DM ME RIGHT NOW!",1
Spamming random links check out my stream and donate money: twitch.tv/spammer_bot,1
"Get lost you filthy troll, you disgust everyone here. Check it out now!",1
Kill yourself you pathetic excuse of a student. Check it out now!,1
"Make $5,000 daily working from home with zero investment! DM me on WhatsApp: +123456789 Check it out now!",1
"HEY LISTEN: What a total retard, why are you even in this university? !!!",1
HEY LISTEN: Shut your f***ing mouth before someone makes you. !!!,1
Coding my web development homework in Python and React.,0
Claim your $750 Shein / Amazon gift card immediately at https://giftcard-claim-now.top,1
"Thanks for planting with me, that was a super focused session.",0
Reading chapter 11 of World History textbook.,0
HEY LISTEN: Shut your f***ing mouth before someone makes you. !!!,1
FREE BITCOIN GIVEAWAY! CLICK HERE NOW TO DOUBLE YOUR MONEY: HTTPS://SCAM-CRYPTO-BONUS.XYZ,1
"HEY LISTEN: Buy cheap Telegram members, bot views, and fake likes at https://smm-cheap-boost.com !!!",1
"STOP SPAMMING YOUR PATHETIC LIFE HERE, NOBODY ASKED.",1
Coding my web development homework in Python and React.,0
How do I track my session streaks with the bot?,0
"Hey everyone, let's keep the momentum going this evening!",0
How do I track my session streaks with the bot?,0
"You are an absolute idiot and nobody likes you, get out of here. Check it out now!",1
"EARN $1,000 PASSIVE INCOME EVERY SINGLE DAY AUTOMATICALLY: HTTP://WEALTH-MATRIX-SCAM.RU",1
"Invest $100 in my crypto trading bot and withdraw $2,000 in 2 hours guaranteed! Check it out now!",1
SHUT YOUR F***ING MOUTH BEFORE SOMEONE MAKES YOU.,1
Where can I find the leaderboard rankings for this week?,0
"FREE NETFLIX, DISNEY+, AND SPOTIFY LIFETIME ACCOUNTS DM ME RIGHT NOW!",1
Review: Completed flashcards for organic chemistry.,0
How do I track my session streaks with the bot?,0
Review: Completed flashcards for organic chemistry.,0
Time to put down your phone and get back to work! Enter my room code: 7BJUHTSG to plant a Ginkgo with me!,0
"Great session team, see you all for tomorrow's challenge.",0
DROP OUT OF SCHOOL YOU LAZY DEGENERATE.,1
"HEY LISTEN: Earn $1,000 passive income every single day automatically: http://wealth-matrix-scam.ru !!!",1
"Finished 12 hours of deep work today, feeling accomplished.",0
Go cry somewhere else you pathetic loser.,1
Writing my literature essay thesis statement and outline.,0
Anyone studying for the GRE or IELTS this weekend?,0
"Nobody cares about your dumb notes, kill yourself. Check it out now!",1
Anyone studying for the GRE or IELTS this weekend?,0
Can someone join a 45 minute pomodoro room with me?,0
Organizing my study schedule for midterms next week.,0
"YOU ARE COMPLETELY WORTHLESS, STOP TALKING IN THIS GROUP.",1
"Pay for homework and essay writing services, guaranteed A+ grade: https://essay-plagiarize.biz",1
"Review: Completed 11 questions in Physics Kinematics, session felt great.",0
"Taking a short 10 minute break to grab water, back soon.",0
Where can I find the leaderboard rankings for this week?,0
Planted a Cherry Blossom tree for 50 min with the study group.,0
Writing my literature essay thesis statement and outline.,0
"Free Netflix, Disney+, and Spotify lifetime accounts DM me right now! Check it out now!",1
"Get lost you filthy troll, you disgust everyone here. Check it out now!",1
Working on my Psychology assignment and taking notes.,0
Anyone studying for the GRE or IELTS this weekend?,0
What tree are you all planting today? I picked the cedar tree.,0
Shut your f***ing mouth before someone makes you. Check it out now!,1
"Free Netflix, Disney+, and Spotify lifetime accounts DM me right now!",1
"Taking a short 10 minute break to grab water, back soon.",0
"Hey everyone, let's keep the momentum going this evening!",0
"You piece of trash, delete your account and leave. Check it out now!",1
HEY LISTEN: F*** you and your stupid study session. !!!,1
Reading chapter 14 of Machine Learning textbook.,0
HEY LISTEN: FREE BITCOIN GIVEAWAY! CLICK HERE NOW TO DOUBLE YOUR MONEY: https://scam-crypto-bonus.xyz !!!,1
"Shut up you stupid clown, you have zero brain cells.",1
"Invest $100 in my crypto trading bot and withdraw $2,000 in 2 hours guaranteed! Check it out now!",1
"HEY LISTEN: Stop spamming your pathetic life here, nobody asked. !!!",1
What tree are you all planting today? I picked the cedar tree.,0
"Hacked credit card dumps and verified PayPal accounts for sale cheap, contact @carding_king Check it out now!",1
Can someone join a 45 minute pomodoro room with me?,0
Join my study room here: https://forestapp.cc/join-room?token=4A2TUQJSG,0
"YOU ARE COMPLETELY WORTHLESS, STOP TALKING IN THIS GROUP.",1
Does anyone have notes or practice problems for Statistics?,0
Writing my literature essay thesis statement and outline.,0
"I love this community, helped me build a consistent study habit.",0
"I love this community, helped me build a consistent study habit.",0
FREE BITCOIN GIVEAWAY! CLICK HERE NOW TO DOUBLE YOUR MONEY: HTTPS://SCAM-CRYPTO-BONUS.XYZ,1
"I love this community, helped me build a consistent study habit.",0
"HEY LISTEN: Shut up you stupid clown, you have zero brain cells. !!!",1
HEY LISTEN: Join my private 18+ leaks channel for free hot videos: https://t.me/xxx_leak_hub !!!,1
FREE BITCOIN GIVEAWAY! CLICK HERE NOW TO DOUBLE YOUR MONEY: HTTPS://SCAM-CRYPTO-BONUS.XYZ,1
How do I track my session streaks with the bot?,0
"You piece of trash, delete your account and leave. Check it out now!",1
Writing my literature essay thesis statement and outline.,0
"Review: Completed 19 questions in World History, session felt great.",0
Can someone join a 60 minute pomodoro room with me?,0
"Finished 4 hours of deep work today, feeling accomplished.",0
"INVEST $100 IN MY CRYPTO TRADING BOT AND WITHDRAW $2,000 IN 2 HOURS GUARANTEED!",1
Working on my World History assignment and taking notes.,0
"GET LOST YOU FILTHY TROLL, YOU DISGUST EVERYONE HERE.",1
Good morning everyone! Hope you all have a productive study day.,0
"HEY LISTEN: I hate you so much, you are the most annoying person alive. !!!",1
"You are an absolute idiot and nobody likes you, get out of here. Check it out now!",1
"Get lost you filthy troll, you disgust everyone here.",1
Join my study room here: https://forestapp.cc/join-room?token=7BJUHTSG,0
"HEY LISTEN: Nobody cares about your dumb notes, kill yourself. !!!",1
Spamming random links check out my stream and donate money: twitch.tv/spammer_bot,1
"You are completely worthless, stop talking in this group.",1
Just finished my daily reading challenge check-in.,0
Does anyone have notes or practice problems for Organic Chemistry?,0
Anyone studying for the GRE or IELTS this weekend?,0
Does anyone have notes or practice problems for Computer Networks?,0
"Shut up you stupid clown, you have zero brain cells.",1
Going to study Physics Kinematics for 25 minutes today.,0
"YOU ARE COMPLETELY WORTHLESS, STOP TALKING IN THIS GROUP.",1
Reading chapter 15 of Macroeconomics textbook.,0
"Taking a short 10 minute break to grab water, back soon.",0
F*** YOU AND YOUR STUPID STUDY SESSION.,1
"Starting a 25 min focus session on Physics Kinematics, let's get to work!",0
"Stop spamming your pathetic life here, nobody asked. Check it out now!",1
"YOU ARE COMPLETELY WORTHLESS, STOP TALKING IN THIS GROUP.",1
Does anyone have notes or practice problems for Physics Kinematics?,0
"I hate you so much, you are the most annoying person alive.",1
"Finished 6 hours of deep work today, feeling accomplished.",0
"HEY LISTEN: You are an absolute idiot and nobody likes you, get out of here. !!!",1
HEY LISTEN: You're a brainless moron who will never pass any exam. !!!,1
Planted a Cherry Blossom tree for 60 min with the study group.,0
Exclusive Telegram airdrop claim 500 TON tokens for free right now: https://t.me/free_ton_airdrop Check it out now!,1
Good morning everyone! Hope you all have a productive study day.,0
Planted a Weeping Willow tree for 120 min with the study group.,0
"HEY LISTEN: Free Netflix, Disney+, and Spotify lifetime accounts DM me right now! !!!",1
Does anyone have notes or practice problems for Machine Learning?,0
Coding my web development homework in Python and React.,0
Good morning everyone! Hope you all have a productive study day.,0
Organizing my study schedule for midterms next week.,0
F*** you and your stupid study session.,1
"Earn $1,000 passive income every single day automatically: http://wealth-matrix-scam.ru Check it out now!",1
CashApp flip glitch! Turn $20 into $500 in 15 minutes! DM @fast_cash_glitch,1
"Starting a 60 min focus session on Linear Algebra, let's get to work!",0
"Free Netflix, Disney+, and Spotify lifetime accounts DM me right now!",1
Working on my Biology Genetics assignment and taking notes.,0
"Buy cheap Telegram members, bot views, and fake likes at https://smm-cheap-boost.com Check it out now!",1
"STOP SPAMMING YOUR PATHETIC LIFE HERE, NOBODY ASKED.",1
Writing my literature essay thesis statement and outline.,0
F*** you and your stupid study session.,1
Can someone join a 25 minute pomodoro room with me?,0
How do I track my session streaks with the bot?,0
"Pay for homework and essay writing services, guaranteed A+ grade: https://essay-plagiarize.biz Check it out now!",1
Review: Finished reading and highlighted key concepts in Data Structures.,0
"EARN $1,000 PASSIVE INCOME EVERY SINGLE DAY AUTOMATICALLY: HTTP://WEALTH-MATRIX-SCAM.RU",1
"Free Netflix, Disney+, and Spotify lifetime accounts DM me right now!",1
Shut your f***ing mouth before someone makes you. Check it out now!,1
HEY LISTEN: F*** you and your stupid study session. !!!,1
"I love this community, helped me build a consistent study habit.",0
HEY LISTEN: F*** you and your stupid study session. !!!,1
"You piece of trash, delete your account and leave. Check it out now!",1
"Great session team, see you all for tomorrow's challenge.",0
"You piece of trash, delete your account and leave. Check it out now!",1
Going to study Physics Kinematics for 60 minutes today.,0
Reviewing calculus integration formulas and practice tests.,0
Planted a Maple tree for 15 min with the study group.,0
SEND 0.05 ETH TO MY WALLET ADDRESS AND GET 0.5 ETH BACK INSTANTLY! PROMO ENDING SOON!,1
SPAMMING RANDOM LINKS CHECK OUT MY STREAM AND DONATE MONEY: TWITCH.TV/SPAMMER_BOT,1
"Thanks for planting with me, that was a super focused session.",0
Reviewing calculus integration formulas and practice tests.,0
SEND 0.05 ETH TO MY WALLET ADDRESS AND GET 0.5 ETH BACK INSTANTLY! PROMO ENDING SOON!,1
Kill yourself you pathetic excuse of a student.,1
What tree are you all planting today? I picked the cedar tree.,0
"Finished 14 hours of deep work today, feeling accomplished.",0
Time to put down your phone and get back to work! Enter my room code: 4A2TUQJSG to plant a Weeping Willow with me!,0
"I love this community, helped me build a consistent study habit.",0
Writing my literature essay thesis statement and outline.,0
Go cry somewhere else you pathetic loser. Check it out now!,1
"PAY FOR HOMEWORK AND ESSAY WRITING SERVICES, GUARANTEED A+ GRADE: HTTPS://ESSAY-PLAGIARIZE.BIZ",1
HEY LISTEN: Hot single girls in your city want to hook up tonight! Click here: http://adult-date-hookup.xyz !!!,1
KILL YOURSELF YOU PATHETIC EXCUSE OF A STUDENT.,1
HEY LISTEN: You're a brainless moron who will never pass any exam. !!!,1
How do I track my session streaks with the bot?,0
What tree are you all planting today? I picked the cedar tree.,0
"HEY LISTEN: Shut up you stupid clown, you have zero brain cells. !!!",1
"Hey everyone, let's keep the momentum going this evening!",0
"Make $5,000 daily working from home with zero investment! DM me on WhatsApp: +123456789 Check it out now!",1
Planted a Weeping Willow tree for 90 min with the study group.,0
"Nobody cares about your dumb notes, kill yourself.",1
"BUY CHEAP TELEGRAM MEMBERS, BOT VIEWS, AND FAKE LIKES AT HTTPS://SMM-CHEAP-BOOST.COM",1
Where can I find the leaderboard rankings for this week?,0
HEY LISTEN: You're a brainless moron who will never pass any exam. !!!,1
"Get lost you filthy troll, you disgust everyone here. Check it out now!",1
"PAY FOR HOMEWORK AND ESSAY WRITING SERVICES, GUARANTEED A+ GRADE: HTTPS://ESSAY-PLAGIARIZE.BIZ",1
"HEY LISTEN: Earn $1,000 passive income every single day automatically: http://wealth-matrix-scam.ru !!!",1
Review: Completed flashcards for organic chemistry.,0
"Starting a 50 min focus session on World History, let's get to work!",0
SHUT YOUR F***ING MOUTH BEFORE SOMEONE MAKES YOU.,1
Good morning everyone! Hope you all have a productive study day.,0
How do I track my session streaks with the bot?,0
"Taking a short 10 minute break to grab water, back soon.",0
GO CRY SOMEWHERE ELSE YOU PATHETIC LOSER.,1
"HEY LISTEN: Free Netflix, Disney+, and Spotify lifetime accounts DM me right now! !!!",1
"Taking a short 10 minute break to grab water, back soon.",0
"Taking a short 10 minute break to grab water, back soon.",0
"LEAKED MIDTERM EXAM PAPERS AND ANSWER KEYS FOR SALE! GUARANTEED 100% SCORE, MESSAGE ME.",1
"Free Netflix, Disney+, and Spotify lifetime accounts DM me right now!",1
"Thanks for planting with me, that was a super focused session.",0
"HEY LISTEN: Earn $1,000 passive income every single day automatically: http://wealth-matrix-scam.ru !!!",1
"Buy cheap Telegram members, bot views, and fake likes at https://smm-cheap-boost.com Check it out now!",1
"Stop spamming your pathetic life here, nobody asked.",1
Coding my web development homework in Python and React.,0
"Hey everyone, let's keep the momentum going this evening!",0
"Review: Completed 18 questions in Biology Genetics, session felt great.",0
Planted a Maple tree for 30 min with the study group.,0
Planted a Cedar tree for 90 min with the study group.,0
Working on my Linear Algebra assignment and taking notes.,0
Just finished my daily reading challenge check-in.,0
"HEY LISTEN: Earn $1,000 passive income every single day automatically: http://wealth-matrix-scam.ru !!!",1
"Stop spamming your pathetic life here, nobody asked. Check it out now!",1
"YOU PIECE OF TRASH, DELETE YOUR ACCOUNT AND LEAVE.",1
How do I track my session streaks with the bot?,0
Good morning everyone! Hope you all have a productive study day.,0
Hot single girls in your city want to hook up tonight! Click here: http://adult-date-hookup.xyz,1
Planted a Weeping Willow tree for 25 min with the study group.,0
"Starting a 45 min focus session on Organic Chemistry, let's get to work!",0
"Good luck with your exams everyone, we got this!",0
"You piece of trash, delete your account and leave. Check it out now!",1
Review: Completed flashcards for organic chemistry.,0
"HACKED CREDIT CARD DUMPS AND VERIFIED PAYPAL ACCOUNTS FOR SALE CHEAP, CONTACT @CARDING_KING",1
CLAIM YOUR $750 SHEIN / AMAZON GIFT CARD IMMEDIATELY AT HTTPS://GIFTCARD-CLAIM-NOW.TOP,1
Reading chapter 10 of Calculus textbook.,0
Review: Completed flashcards for organic chemistry.,0
"Great session team, see you all for tomorrow's challenge.",0
F*** you and your stupid study session.,1
Reviewing calculus integration formulas and practice tests.,0
"HEY LISTEN: I hate you so much, you are the most annoying person alive. !!!",1
"Review: Completed 3 questions in Computer Networks, session felt great.",0
"FREE NETFLIX, DISNEY+, AND SPOTIFY LIFETIME ACCOUNTS DM ME RIGHT NOW!",1
"Finished 16 hours of deep work today, feeling accomplished.",0
"Finished 10 hours of deep work today, feeling accomplished.",0
Kill yourself you pathetic excuse of a student. Check it out now!,1
"Invest $100 in my crypto trading bot and withdraw $2,000 in 2 hours guaranteed!",1
JOIN MY PRIVATE 18+ LEAKS CHANNEL FOR FREE HOT VIDEOS: HTTPS://T.ME/XXX_LEAK_HUB,1
Can someone join a 30 minute pomodoro room with me?,0
"HEY LISTEN: Make $5,000 daily working from home with zero investment! DM me on WhatsApp: +123456789 !!!",1
Reviewing calculus integration formulas and practice tests.,0
"Hacked credit card dumps and verified PayPal accounts for sale cheap, contact @carding_king",1
"I HATE YOU SO MUCH, YOU ARE THE MOST ANNOYING PERSON ALIVE.",1
HEY LISTEN: Claim your $750 Shein / Amazon gift card immediately at https://giftcard-claim-now.top !!!,1
Time to put down your phone and get back to work! Enter my room code: 3K7MQGESG to plant a Cedar with me!,0
Going to study Statistics for 90 minutes today.,0
Join my private 18+ leaks channel for free hot videos: https://t.me/xxx_leak_hub Check it out now!,1
"HEY LISTEN: Invest $100 in my crypto trading bot and withdraw $2,000 in 2 hours guaranteed! !!!",1
Organizing my study schedule for midterms next week.,0
HEY LISTEN: You're a brainless moron who will never pass any exam. !!!,1
"Pay for homework and essay writing services, guaranteed A+ grade: https://essay-plagiarize.biz",1
"LEAKED MIDTERM EXAM PAPERS AND ANSWER KEYS FOR SALE! GUARANTEED 100% SCORE, MESSAGE ME.",1
Planted a Cherry Blossom tree for 45 min with the study group.,0
What tree are you all planting today? I picked the cedar tree.,0
Review: Completed flashcards for organic chemistry.,0
"HEY LISTEN: Leaked midterm exam papers and answer keys for sale! Guaranteed 100% score, message me. !!!",1
Anyone studying for the GRE or IELTS this weekend?,0
"Good luck with your exams everyone, we got this!",0
"Starting a 25 min focus session on Calculus, let's get to work!",0
Can someone join a 60 minute pomodoro room with me?,0
How do I track my session streaks with the bot?,0
"Get lost you filthy troll, you disgust everyone here. Check it out now!",1
Planted a Moon Tree tree for 50 min with the study group.,0
"Good luck with your exams everyone, we got this!",0
EXCLUSIVE TELEGRAM AIRDROP CLAIM 500 TON TOKENS FOR FREE RIGHT NOW: HTTPS://T.ME/FREE_TON_AIRDROP,1
"Taking a short 10 minute break to grab water, back soon.",0
CLAIM YOUR $750 SHEIN / AMAZON GIFT CARD IMMEDIATELY AT HTTPS://GIFTCARD-CLAIM-NOW.TOP,1
"Good luck with your exams everyone, we got this!",0
"I love this community, helped me build a consistent study habit.",0
"Thanks for planting with me, that was a super focused session.",0
DROP OUT OF SCHOOL YOU LAZY DEGENERATE.,1
HEY LISTEN: You're a brainless moron who will never pass any exam. !!!,1
Taking a 5 min stretch break after a solid 25 min sprint.,0
"HEY LISTEN: Free Netflix, Disney+, and Spotify lifetime accounts DM me right now! !!!",1
Reviewing calculus integration formulas and practice tests.,0
Coding my web development homework in Python and React.,0
Good morning everyone! Hope you all have a productive study day.,0
"You are completely worthless, stop talking in this group.",1
"What a total retard, why are you even in this university?",1
Reading chapter 13 of Biology Genetics textbook.,0
"I love this community, helped me build a consistent study habit.",0
Join my private 18+ leaks channel for free hot videos: https://t.me/xxx_leak_hub Check it out now!,1
KILL YOURSELF YOU PATHETIC EXCUSE OF A STUDENT.,1
"BUY CHEAP TELEGRAM MEMBERS, BOT VIEWS, AND FAKE LIKES AT HTTPS://SMM-CHEAP-BOOST.COM",1
SHUT YOUR F***ING MOUTH BEFORE SOMEONE MAKES YOU.,1
HEY LISTEN: Send 0.05 ETH to my wallet address and get 0.5 ETH back instantly! Promo ending soon! !!!,1
"HEY LISTEN: Make $5,000 daily working from home with zero investment! DM me on WhatsApp: +123456789 !!!",1
Claim your $750 Shein / Amazon gift card immediately at https://giftcard-claim-now.top Check it out now!,1
HEY LISTEN: FREE BITCOIN GIVEAWAY! CLICK HERE NOW TO DOUBLE YOUR MONEY: https://scam-crypto-bonus.xyz !!!,1
Kill yourself you pathetic excuse of a student. Check it out now!,1
Exclusive Telegram airdrop claim 500 TON tokens for free right now: https://t.me/free_ton_airdrop,1
Spamming random links check out my stream and donate money: twitch.tv/spammer_bot,1
"You piece of trash, delete your account and leave. Check it out now!",1
HEY LISTEN: Send 0.05 ETH to my wallet address and get 0.5 ETH back instantly! Promo ending soon! !!!,1
Good morning everyone! Hope you all have a productive study day.,0
F*** you and your stupid study session. Check it out now!,1
Anyone studying for the GRE or IELTS this weekend?,0
"You piece of trash, delete your account and leave.",1
Kill yourself you pathetic excuse of a student. Check it out now!,1
"Nobody cares about your dumb notes, kill yourself.",1
"MAKE $5,000 DAILY WORKING FROM HOME WITH ZERO INVESTMENT! DM ME ON WHATSAPP: +123456789",1
FREE BITCOIN GIVEAWAY! CLICK HERE NOW TO DOUBLE YOUR MONEY: https://scam-crypto-bonus.xyz,1
Does anyone have notes or practice problems for Statistics?,0
Review: Finished reading and highlighted key concepts in Physics Kinematics.,0
FREE BITCOIN GIVEAWAY! CLICK HERE NOW TO DOUBLE YOUR MONEY: https://scam-crypto-bonus.xyz,1
"Review: Completed 2 questions in Biology Genetics, session felt great.",0
"Leaked midterm exam papers and answer keys for sale! Guaranteed 100% score, message me. Check it out now!",1
"Taking a short 10 minute break to grab water, back soon.",0
"Free Netflix, Disney+, and Spotify lifetime accounts DM me right now!",1
Organizing my study schedule for midterms next week.,0
Join my study room here: https://forestapp.cc/join-room?token=4A2TUQJSG,0
Going to study Psychology for 25 minutes today.,0
"Nobody cares about your dumb notes, kill yourself.",1
Send 0.05 ETH to my wallet address and get 0.5 ETH back instantly! Promo ending soon!,1
Writing my literature essay thesis statement and outline.,0
HEY LISTEN: Claim your $750 Shein / Amazon gift card immediately at https://giftcard-claim-now.top !!!,1
Taking a 5 min stretch break after a solid 30 min sprint.,0
Going to study Computer Networks for 90 minutes today.,0
"I love this community, helped me build a consistent study habit.",0
Drop out of school you lazy degenerate.,1
HEY LISTEN: Shut your f***ing mouth before someone makes you. !!!,1
Exclusive Telegram airdrop claim 500 TON tokens for free right now: https://t.me/free_ton_airdrop,1
"HEY LISTEN: Leaked midterm exam papers and answer keys for sale! Guaranteed 100% score, message me. !!!",1
"I love this community, helped me build a consistent study habit.",0
F*** YOU AND YOUR STUPID STUDY SESSION.,1
HEY LISTEN: You're a brainless moron who will never pass any exam. !!!,1
Just finished my daily reading challenge check-in.,0
F*** you and your stupid study session.,1
Can someone join a 50 minute pomodoro room with me?,0
"HEY LISTEN: Make $5,000 daily working from home with zero investment! DM me on WhatsApp: +123456789 !!!",1
"Starting a 60 min focus session on Statistics, let's get to work!",0
You're a brainless moron who will never pass any exam.,1
"Review: Completed 11 questions in Linear Algebra, session felt great.",0
Working on my Data Structures assignment and taking notes.,0
"Shut up you stupid clown, you have zero brain cells.",1
Claim your $750 Shein / Amazon gift card immediately at https://giftcard-claim-now.top Check it out now!,1
"Hey everyone, let's keep the momentum going this evening!",0
"Invest $100 in my crypto trading bot and withdraw $2,000 in 2 hours guaranteed! Check it out now!",1
"Leaked midterm exam papers and answer keys for sale! Guaranteed 100% score, message me. Check it out now!",1
"I love this community, helped me build a consistent study habit.",0
"Leaked midterm exam papers and answer keys for sale! Guaranteed 100% score, message me. Check it out now!",1
"YOU ARE COMPLETELY WORTHLESS, STOP TALKING IN THIS GROUP.",1
CashApp flip glitch! Turn $20 into $500 in 15 minutes! DM @fast_cash_glitch,1
Where can I find the leaderboard rankings for this week?,0
"SHUT UP YOU STUPID CLOWN, YOU HAVE ZERO BRAIN CELLS.",1
What tree are you all planting today? I picked the cedar tree.,0
"STOP SPAMMING YOUR PATHETIC LIFE HERE, NOBODY ASKED.",1
Going to study World History for 50 minutes today.,0
"I love this community, helped me build a consistent study habit.",0
"Invest $100 in my crypto trading bot and withdraw $2,000 in 2 hours guaranteed! Check it out now!",1
"Pay for homework and essay writing services, guaranteed A+ grade: https://essay-plagiarize.biz Check it out now!",1
"SHUT UP YOU STUPID CLOWN, YOU HAVE ZERO BRAIN CELLS.",1
Review: Completed flashcards for organic chemistry.,0
Send 0.05 ETH to my wallet address and get 0.5 ETH back instantly! Promo ending soon! Check it out now!,1
Writing my literature essay thesis statement and outline.,0
CASHAPP FLIP GLITCH! TURN $20 INTO $500 IN 15 MINUTES! DM @FAST_CASH_GLITCH,1
"Hacked credit card dumps and verified PayPal accounts for sale cheap, contact @carding_king Check it out now!",1
Does anyone have notes or practice problems for Macroeconomics?,0
Where can I find the leaderboard rankings for this week?,0
Time to put down your phone and get back to work! Enter my room code: 3K7MQGESG to plant a Weeping Willow with me!,0
KILL YOURSELF YOU PATHETIC EXCUSE OF A STUDENT.,1
Does anyone have notes or practice problems for Statistics?,0
"HACKED CREDIT CARD DUMPS AND VERIFIED PAYPAL ACCOUNTS FOR SALE CHEAP, CONTACT @CARDING_KING",1
"HEY LISTEN: Hacked credit card dumps and verified PayPal accounts for sale cheap, contact @carding_king !!!",1
HEY LISTEN: Shut your f***ing mouth before someone makes you. !!!,1
Good morning everyone! Hope you all have a productive study day.,0
"Hey everyone, let's keep the momentum going this evening!",0
FREE BITCOIN GIVEAWAY! CLICK HERE NOW TO DOUBLE YOUR MONEY: https://scam-crypto-bonus.xyz,1
Reviewing calculus integration formulas and practice tests.,0
How do I track my session streaks with the bot?,0
Time to put down your phone and get back to work! Enter my room code: CYJRHXSG to plant a Cherry Blossom with me!,0
Writing my literature essay thesis statement and outline.,0
Writing my literature essay thesis statement and outline.,0
Working on my Organic Chemistry assignment and taking notes.,0
"You are completely worthless, stop talking in this group.",1
Review: Completed flashcards for organic chemistry.,0
Reading chapter 10 of Data Structures textbook.,0
Taking a 5 min stretch break after a solid 120 min sprint.,0
Reading chapter 20 of Psychology textbook.,0
Taking a 5 min stretch break after a solid 25 min sprint.,0
How do I track my session streaks with the bot?,0
"HEY LISTEN: You are an absolute idiot and nobody likes you, get out of here. !!!",1
"Pay for homework and essay writing services, guaranteed A+ grade: https://essay-plagiarize.biz",1
Coding my web development homework in Python and React.,0
Review: Finished reading and highlighted key concepts in World History.,0
Time to put down your phone and get back to work! Enter my room code: 3K7MQGESG to plant a Weeping Willow with me!,0
"HEY LISTEN: Leaked midterm exam papers and answer keys for sale! Guaranteed 100% score, message me. !!!",1
Drop out of school you lazy degenerate. Check it out now!,1
What tree are you all planting today? I picked the cedar tree.,0
Reviewing calculus integration formulas and practice tests.,0
"SHUT UP YOU STUPID CLOWN, YOU HAVE ZERO BRAIN CELLS.",1
F*** you and your stupid study session. Check it out now!,1
"Get lost you filthy troll, you disgust everyone here.",1
"MAKE $5,000 DAILY WORKING FROM HOME WITH ZERO INVESTMENT! DM ME ON WHATSAPP: +123456789",1
"Make $5,000 daily working from home with zero investment! DM me on WhatsApp: +123456789",1
"Buy cheap Telegram members, bot views, and fake likes at https://smm-cheap-boost.com",1
Going to study Computer Networks for 15 minutes today.,0
FREE BITCOIN GIVEAWAY! CLICK HERE NOW TO DOUBLE YOUR MONEY: HTTPS://SCAM-CRYPTO-BONUS.XYZ,1
Review: Finished reading and highlighted key concepts in Linear Algebra.,0
Go cry somewhere else you pathetic loser.,1
Reviewing calculus integration formulas and practice tests.,0
"I love this community, helped me build a consistent study habit.",0
Coding my web development homework in Python and React.,0
EXCLUSIVE TELEGRAM AIRDROP CLAIM 500 TON TOKENS FOR FREE RIGHT NOW: HTTPS://T.ME/FREE_TON_AIRDROP,1
"Stop spamming your pathetic life here, nobody asked. Check it out now!",1
"I love this community, helped me build a consistent study habit.",0
"I HATE YOU SO MUCH, YOU ARE THE MOST ANNOYING PERSON ALIVE.",1
Review: Completed flashcards for organic chemistry.,0
"Review: Completed 18 questions in Psychology, session felt great.",0
"Free Netflix, Disney+, and Spotify lifetime accounts DM me right now!",1
Writing my literature essay thesis statement and outline.,0
Going to study Physics Kinematics for 30 minutes today.,0
Does anyone have notes or practice problems for Organic Chemistry?,0
Reading chapter 17 of World History textbook.,0
"Stop spamming your pathetic life here, nobody asked.",1
Good morning everyone! Hope you all have a productive study day.,0
Can someone join a 50 minute pomodoro room with me?,0
Good morning everyone! Hope you all have a productive study day.,0
Taking a 5 min stretch break after a solid 60 min sprint.,0
Planted a Oak tree for 45 min with the study group.,0
Time to put down your phone and get back to work! Enter my room code: 7BJUHTSG to plant a Ginkgo with me!,0
"YOU ARE COMPLETELY WORTHLESS, STOP TALKING IN THIS GROUP.",1
"Thanks for planting with me, that was a super focused session.",0
Hot single girls in your city want to hook up tonight! Click here: http://adult-date-hookup.xyz Check it out now!,1
"Good luck with your exams everyone, we got this!",0
"Great session team, see you all for tomorrow's challenge.",0
"HEY LISTEN: You piece of trash, delete your account and leave. !!!",1
How do I track my session streaks with the bot?,0
"Hacked credit card dumps and verified PayPal accounts for sale cheap, contact @carding_king",1
Organizing my study schedule for midterms next week.,0
"Good luck with your exams everyone, we got this!",0
SEND 0.05 ETH TO MY WALLET ADDRESS AND GET 0.5 ETH BACK INSTANTLY! PROMO ENDING SOON!,1
CashApp flip glitch! Turn $20 into $500 in 15 minutes! DM @fast_cash_glitch,1
Drop out of school you lazy degenerate.,1
Can someone join a 30 minute pomodoro room with me?,0
HEY LISTEN: Hot single girls in your city want to hook up tonight! Click here: http://adult-date-hookup.xyz !!!,1
"I HATE YOU SO MUCH, YOU ARE THE MOST ANNOYING PERSON ALIVE.",1
What tree are you all planting today? I picked the cedar tree.,0
Join my private 18+ leaks channel for free hot videos: https://t.me/xxx_leak_hub,1
"Leaked midterm exam papers and answer keys for sale! Guaranteed 100% score, message me.",1
Going to study Statistics for 50 minutes today.,0
HEY LISTEN: Join my private 18+ leaks channel for free hot videos: https://t.me/xxx_leak_hub !!!,1
CASHAPP FLIP GLITCH! TURN $20 INTO $500 IN 15 MINUTES! DM @FAST_CASH_GLITCH,1
CLAIM YOUR $750 SHEIN / AMAZON GIFT CARD IMMEDIATELY AT HTTPS://GIFTCARD-CLAIM-NOW.TOP,1
"HEY LISTEN: Get lost you filthy troll, you disgust everyone here. !!!",1
"Buy cheap Telegram members, bot views, and fake likes at https://smm-cheap-boost.com",1
"Thanks for planting with me, that was a super focused session.",0
EXCLUSIVE TELEGRAM AIRDROP CLAIM 500 TON TOKENS FOR FREE RIGHT NOW: HTTPS://T.ME/FREE_TON_AIRDROP,1
Going to study Biology Genetics for 90 minutes today.,0
Go cry somewhere else you pathetic loser. Check it out now!,1
F*** you and your stupid study session.,1
"HEY LISTEN: Shut up you stupid clown, you have zero brain cells. !!!",1
You're a brainless moron who will never pass any exam. Check it out now!,1
HOT SINGLE GIRLS IN YOUR CITY WANT TO HOOK UP TONIGHT! CLICK HERE: HTTP://ADULT-DATE-HOOKUP.XYZ,1
"Great session team, see you all for tomorrow's challenge.",0
Coding my web development homework in Python and React.,0
"LEAKED MIDTERM EXAM PAPERS AND ANSWER KEYS FOR SALE! GUARANTEED 100% SCORE, MESSAGE ME.",1
Coding my web development homework in Python and React.,0
Coding my web development homework in Python and React.,0
"Taking a short 10 minute break to grab water, back soon.",0
HOT SINGLE GIRLS IN YOUR CITY WANT TO HOOK UP TONIGHT! CLICK HERE: HTTP://ADULT-DATE-HOOKUP.XYZ,1
HEY LISTEN: Join my private 18+ leaks channel for free hot videos: https://t.me/xxx_leak_hub !!!,1
Join my private 18+ leaks channel for free hot videos: https://t.me/xxx_leak_hub,1
"HEY LISTEN: Leaked midterm exam papers and answer keys for sale! Guaranteed 100% score, message me. !!!",1
"GET LOST YOU FILTHY TROLL, YOU DISGUST EVERYONE HERE.",1
Good morning everyone! Hope you all have a productive study day.,0
Review: Finished reading and highlighted key concepts in Computer Networks.,0
Going to study Computer Networks for 45 minutes today.,0
"HEY LISTEN: What a total retard, why are you even in this university? !!!",1
Taking a 5 min stretch break after a solid 15 min sprint.,0
"Hey everyone, let's keep the momentum going this evening!",0
Drop out of school you lazy degenerate. Check it out now!,1
"You are completely worthless, stop talking in this group. Check it out now!",1
"Hey everyone, let's keep the momentum going this evening!",0
"Good luck with your exams everyone, we got this!",0
"HEY LISTEN: You are completely worthless, stop talking in this group. !!!",1
"Review: Completed 19 questions in Statistics, session felt great.",0
How do I track my session streaks with the bot?,0
"Review: Completed 11 questions in Organic Chemistry, session felt great.",0
Planted a Maple tree for 60 min with the study group.,0
"Taking a short 10 minute break to grab water, back soon.",0
Does anyone have notes or practice problems for Machine Learning?,0
Review: Finished reading and highlighted key concepts in Computer Networks.,0
"Starting a 90 min focus session on Psychology, let's get to work!",0
"Hey everyone, let's keep the momentum going this evening!",0
"Thanks for planting with me, that was a super focused session.",0
"Buy cheap Telegram members, bot views, and fake likes at https://smm-cheap-boost.com",1
Coding my web development homework in Python and React.,0
Join my study room here: https://forestapp.cc/join-room?token=CDM7CXSG,0
"Thanks for planting with me, that was a super focused session.",0
CASHAPP FLIP GLITCH! TURN $20 INTO $500 IN 15 MINUTES! DM @FAST_CASH_GLITCH,1
Does anyone have notes or practice problems for Computer Networks?,0
CashApp flip glitch! Turn $20 into $500 in 15 minutes! DM @fast_cash_glitch Check it out now!,1
"You are completely worthless, stop talking in this group. Check it out now!",1
HEY LISTEN: Claim your $750 Shein / Amazon gift card immediately at https://giftcard-claim-now.top !!!,1
Going to study Organic Chemistry for 60 minutes today.,0
"STOP SPAMMING YOUR PATHETIC LIFE HERE, NOBODY ASKED.",1
"I hate you so much, you are the most annoying person alive.",1
"Taking a short 10 minute break to grab water, back soon.",0
"Review: Completed 19 questions in World History, session felt great.",0
JOIN MY PRIVATE 18+ LEAKS CHANNEL FOR FREE HOT VIDEOS: HTTPS://T.ME/XXX_LEAK_HUB,1
"Review: Completed 15 questions in Calculus, session felt great.",0
"Great session team, see you all for tomorrow's challenge.",0
Review: Finished reading and highlighted key concepts in Biology Genetics.,0
Review: Finished reading and highlighted key concepts in Machine Learning.,0
"HEY LISTEN: Nobody cares about your dumb notes, kill yourself. !!!",1
"You piece of trash, delete your account and leave.",1
"Hacked credit card dumps and verified PayPal accounts for sale cheap, contact @carding_king Check it out now!",1
HOT SINGLE GIRLS IN YOUR CITY WANT TO HOOK UP TONIGHT! CLICK HERE: HTTP://ADULT-DATE-HOOKUP.XYZ,1
"Good luck with your exams everyone, we got this!",0
Going to study Organic Chemistry for 15 minutes today.,0
EXCLUSIVE TELEGRAM AIRDROP CLAIM 500 TON TOKENS FOR FREE RIGHT NOW: HTTPS://T.ME/FREE_TON_AIRDROP,1
"HEY LISTEN: You are an absolute idiot and nobody likes you, get out of here. !!!",1
"Free Netflix, Disney+, and Spotify lifetime accounts DM me right now! Check it out now!",1
"You are an absolute idiot and nobody likes you, get out of here. Check it out now!",1
Join my study room here: https://forestapp.cc/join-room?token=CYJRHXSG,0
"Great session team, see you all for tomorrow's challenge.",0
Drop out of school you lazy degenerate. Check it out now!,1
Go cry somewhere else you pathetic loser. Check it out now!,1
HEY LISTEN: Exclusive Telegram airdrop claim 500 TON tokens for free right now: https://t.me/free_ton_airdrop !!!,1
HEY LISTEN: Go cry somewhere else you pathetic loser. !!!,1
FREE BITCOIN GIVEAWAY! CLICK HERE NOW TO DOUBLE YOUR MONEY: HTTPS://SCAM-CRYPTO-BONUS.XYZ,1
Does anyone have notes or practice problems for Psychology?,0
Review: Completed flashcards for organic chemistry.,0
Writing my literature essay thesis statement and outline.,0
Anyone studying for the GRE or IELTS this weekend?,0
Shut your f***ing mouth before someone makes you.,1
"What a total retard, why are you even in this university?",1
"Earn $1,000 passive income every single day automatically: http://wealth-matrix-scam.ru",1
Writing my literature essay thesis statement and outline.,0
Exclusive Telegram airdrop claim 500 TON tokens for free right now: https://t.me/free_ton_airdrop,1
Just finished my daily reading challenge check-in.,0
"HEY LISTEN: Hacked credit card dumps and verified PayPal accounts for sale cheap, contact @carding_king !!!",1
Reading chapter 18 of Data Structures textbook.,0
"Leaked midterm exam papers and answer keys for sale! Guaranteed 100% score, message me. Check it out now!",1
SPAMMING RANDOM LINKS CHECK OUT MY STREAM AND DONATE MONEY: TWITCH.TV/SPAMMER_BOT,1
"HEY LISTEN: Get lost you filthy troll, you disgust everyone here. !!!",1
"Finished 4 hours of deep work today, feeling accomplished.",0
How do I track my session streaks with the bot?,0
"Get lost you filthy troll, you disgust everyone here.",1
Just finished my daily reading challenge check-in.,0
"EARN $1,000 PASSIVE INCOME EVERY SINGLE DAY AUTOMATICALLY: HTTP://WEALTH-MATRIX-SCAM.RU",1
Going to study Physics Kinematics for 15 minutes today.,0
HEY LISTEN: Exclusive Telegram airdrop claim 500 TON tokens for free right now: https://t.me/free_ton_airdrop !!!,1
Coding my web development homework in Python and React.,0
"Stop spamming your pathetic life here, nobody asked.",1
"Hey everyone, let's keep the momentum going this evening!",0
Does anyone have notes or practice problems for Organic Chemistry?,0
"I love this community, helped me build a consistent study habit.",0
"Starting a 50 min focus session on Macroeconomics, let's get to work!",0
Organizing my study schedule for midterms next week.,0
"You are an absolute idiot and nobody likes you, get out of here. Check it out now!",1
Can someone join a 120 minute pomodoro room with me?,0
"HACKED CREDIT CARD DUMPS AND VERIFIED PAYPAL ACCOUNTS FOR SALE CHEAP, CONTACT @CARDING_KING",1
Writing my literature essay thesis statement and outline.,0
Anyone studying for the GRE or IELTS this weekend?,0
Working on my Biology Genetics assignment and taking notes.,0
"What a total retard, why are you even in this university? Check it out now!",1
CASHAPP FLIP GLITCH! TURN $20 INTO $500 IN 15 MINUTES! DM @FAST_CASH_GLITCH,1
"Great session team, see you all for tomorrow's challenge.",0
Spamming random links check out my stream and donate money: twitch.tv/spammer_bot Check it out now!,1
"Invest $100 in my crypto trading bot and withdraw $2,000 in 2 hours guaranteed!",1
"Thanks for planting with me, that was a super focused session.",0
Going to study Macroeconomics for 25 minutes today.,0
Going to study Organic Chemistry for 25 minutes today.,0
Coding my web development homework in Python and React.,0
"You piece of trash, delete your account and leave. Check it out now!",1
DROP OUT OF SCHOOL YOU LAZY DEGENERATE.,1
"HEY LISTEN: Shut up you stupid clown, you have zero brain cells. !!!",1
F*** you and your stupid study session. Check it out now!,1
Join my private 18+ leaks channel for free hot videos: https://t.me/xxx_leak_hub,1
"Pay for homework and essay writing services, guaranteed A+ grade: https://essay-plagiarize.biz Check it out now!",1
Spamming random links check out my stream and donate money: twitch.tv/spammer_bot Check it out now!,1
"HEY LISTEN: I hate you so much, you are the most annoying person alive. !!!",1
F*** YOU AND YOUR STUPID STUDY SESSION.,1
"Buy cheap Telegram members, bot views, and fake likes at https://smm-cheap-boost.com",1
"Hey everyone, let's keep the momentum going this evening!",0
You're a brainless moron who will never pass any exam. Check it out now!,1
HEY LISTEN: CashApp flip glitch! Turn $20 into $500 in 15 minutes! DM @fast_cash_glitch !!!,1
Where can I find the leaderboard rankings for this week?,0
Writing my literature essay thesis statement and outline.,0
"WHAT A TOTAL RETARD, WHY ARE YOU EVEN IN THIS UNIVERSITY?",1
"Hacked credit card dumps and verified PayPal accounts for sale cheap, contact @carding_king Check it out now!",1
"Taking a short 10 minute break to grab water, back soon.",0
"HEY LISTEN: You are completely worthless, stop talking in this group. !!!",1
Join my private 18+ leaks channel for free hot videos: https://t.me/xxx_leak_hub Check it out now!,1
"Good luck with your exams everyone, we got this!",0
"Finished 19 hours of deep work today, feeling accomplished.",0
HEY LISTEN: F*** you and your stupid study session. !!!,1
Reading chapter 4 of Biology Genetics textbook.,0
"Leaked midterm exam papers and answer keys for sale! Guaranteed 100% score, message me.",1
"LEAKED MIDTERM EXAM PAPERS AND ANSWER KEYS FOR SALE! GUARANTEED 100% SCORE, MESSAGE ME.",1
HEY LISTEN: CashApp flip glitch! Turn $20 into $500 in 15 minutes! DM @fast_cash_glitch !!!,1
"Review: Completed 6 questions in Statistics, session felt great.",0
FREE BITCOIN GIVEAWAY! CLICK HERE NOW TO DOUBLE YOUR MONEY: https://scam-crypto-bonus.xyz,1
"I HATE YOU SO MUCH, YOU ARE THE MOST ANNOYING PERSON ALIVE.",1
"HEY LISTEN: Make $5,000 daily working from home with zero investment! DM me on WhatsApp: +123456789 !!!",1
"Hey everyone, let's keep the momentum going this evening!",0
Just finished my daily reading challenge check-in.,0
Exclusive Telegram airdrop claim 500 TON tokens for free right now: https://t.me/free_ton_airdrop Check it out now!,1
"Nobody cares about your dumb notes, kill yourself.",1
"EARN $1,000 PASSIVE INCOME EVERY SINGLE DAY AUTOMATICALLY: HTTP://WEALTH-MATRIX-SCAM.RU",1
"Taking a short 10 minute break to grab water, back soon.",0
"Invest $100 in my crypto trading bot and withdraw $2,000 in 2 hours guaranteed! Check it out now!",1
"Thanks for planting with me, that was a super focused session.",0
Going to study Calculus for 60 minutes today.,0
Spamming random links check out my stream and donate money: twitch.tv/spammer_bot Check it out now!,1
Review: Completed flashcards for organic chemistry.,0
"Make $5,000 daily working from home with zero investment! DM me on WhatsApp: +123456789 Check it out now!",1
"Make $5,000 daily working from home with zero investment! DM me on WhatsApp: +123456789",1
Writing my literature essay thesis statement and outline.,0
"Finished 16 hours of deep work today, feeling accomplished.",0
CLAIM YOUR $750 SHEIN / AMAZON GIFT CARD IMMEDIATELY AT HTTPS://GIFTCARD-CLAIM-NOW.TOP,1
EXCLUSIVE TELEGRAM AIRDROP CLAIM 500 TON TOKENS FOR FREE RIGHT NOW: HTTPS://T.ME/FREE_TON_AIRDROP,1
Shut your f***ing mouth before someone makes you.,1
Anyone studying for the GRE or IELTS this weekend?,0
"Good luck with your exams everyone, we got this!",0
"Taking a short 10 minute break to grab water, back soon.",0
"I HATE YOU SO MUCH, YOU ARE THE MOST ANNOYING PERSON ALIVE.",1
Working on my Machine Learning assignment and taking notes.,0
"NOBODY CARES ABOUT YOUR DUMB NOTES, KILL YOURSELF.",1
Spamming random links check out my stream and donate money: twitch.tv/spammer_bot,1
"Stop spamming your pathetic life here, nobody asked.",1
Join my study room here: https://forestapp.cc/join-room?token=9284FDS,0
F*** you and your stupid study session.,1
"Starting a 30 min focus session on World History, let's get to work!",0
"You piece of trash, delete your account and leave. Check it out now!",1
"HEY LISTEN: Buy cheap Telegram members, bot views, and fake likes at https://smm-cheap-boost.com !!!",1
"PAY FOR HOMEWORK AND ESSAY WRITING SERVICES, GUARANTEED A+ GRADE: HTTPS://ESSAY-PLAGIARIZE.BIZ",1
Time to put down your phone and get back to work! Enter my room code: CYJRHXSG to plant a Cedar with me!,0
"YOU ARE AN ABSOLUTE IDIOT AND NOBODY LIKES YOU, GET OUT OF HERE.",1
"PAY FOR HOMEWORK AND ESSAY WRITING SERVICES, GUARANTEED A+ GRADE: HTTPS://ESSAY-PLAGIARIZE.BIZ",1
Exclusive Telegram airdrop claim 500 TON tokens for free right now: https://t.me/free_ton_airdrop Check it out now!,1
Review: Completed flashcards for organic chemistry.,0
FREE BITCOIN GIVEAWAY! CLICK HERE NOW TO DOUBLE YOUR MONEY: HTTPS://SCAM-CRYPTO-BONUS.XYZ,1
"Good luck with your exams everyone, we got this!",0
Working on my Calculus assignment and taking notes.,0
Review: Finished reading and highlighted key concepts in Computer Networks.,0
"I hate you so much, you are the most annoying person alive. Check it out now!",1
"Free Netflix, Disney+, and Spotify lifetime accounts DM me right now! Check it out now!",1
Reviewing calculus integration formulas and practice tests.,0
