user_id,username,total_sessions,total_focus_minutes,avg_duration,top_duration,top_tree,unique_trees,peak_hour,peak_day,active_days,sessions_per_week,current_streak,best_streak,review_rate,duration_trend,days_since_last,first_session,last_session
-1001427847679,فارست کنکوری 🌲,30,1520,50.7,60,golden prosperity bowl,22,17,3,16,2.53,0,3,1.0,increasing,8,2026-07-04,2026-09-25
-1001873473799,Study with us🕯,3,420,140.0,120,coconut tree,3,1,3,2,3.0,0,2,,insufficient_data,37,2026-08-26,2026-08-27
-1001887245892,شغف,378,40125,106.2,120,mock orange,51,14,3,75,24.28,0,14,0.231,stable,1,2026-06-15,2026-10-02
-1001972286205,محطة عبور,278,18790,67.6,60,blueberry cupcake,67,21,5,49,17.53,0,21,0.5,stable,1,2026-06-13,2026-10-02
-1002028215477,Study Mates,54,3900,72.2,60,12th anniversary cake tree,30,9,2,11,4.06,0,2,0.5,stable,4,2026-06-28,2026-09-29
-1002066708568,ORBIT | Study With o | Forest,103,8485,82.4,60,azalea,38,22,5,27,19.49,0,8,0.5,stable,1,2026-08-26,2026-10-02
-1002171657551,جامعة حائل -خطوة👣 -فورست,235,21030,89.5,90,jacaranda,60,16,4,48,14.82,0,38,0.5,stable,1,2026-06-13,2026-10-02
-1002203954632,𝑬𝒎𝒊𝒍𝒚'𝒔 𝑺𝒆𝒔𝒔𝒊𝒔𝒐𝒏𝒔 🍃,292,26210,89.8,120,moth orchid,71,20,6,86,18.58,0,12,0.457,stable,1,2026-06-14,2026-10-02
-1002285519815,مَجْد | مذاكرة Forest,54,5010,92.8,90,snowdrop,28,20,4,15,14.0,2,9,0.0,increasing,0,2026-09-06,2026-10-03
-1002293036443,Plant with Dr.Judy A+👩🏻‍⚕️📚🌱,94,6575,69.9,60,twilight guardian,42,11,4,21,5.98,0,8,,stable,2,2026-06-13,2026-10-01
-1002337219622,FOREST OF FOCUS...📗🌱,173,19575,113.2,120,lily flower,21,13,5,36,10.91,0,13,0.0,decreasing,1,2026-06-13,2026-10-02
-1002361104707,Study Vibe | forest فوريست,57,5045,88.5,90,choco chip cupcake,35,6,4,14,13.3,0,6,0.0,increasing,3,2026-08-31,2026-09-30
-1002361592908,Study with Anti,250,14860,59.4,60,wishing tree,47,18,4,45,15.77,35,35,0.0,stable,0,2026-06-14,2026-10-03
-1002396798622,Forest | فورست,12,1195,99.6,120,blueberry macaron,9,10,0,2,12.0,0,2,,increasing,11,2026-09-21,2026-09-22
-1002405468917,Forest|COCP224,5,525,105.0,120,citrus macaron,5,0,5,2,2.06,0,1,,increasing,4,2026-09-12,2026-09-29
-1002449388989,ملخصات المسار العلميKSU🔥👩🏻‍💻,24,1350,56.2,60,golden trumpet tree,10,14,4,9,5.6,0,5,0.0,stable,1,2026-09-02,2026-10-02
-1002461091954,خُطـى الفجـر,40,2475,61.9,60,blueberry cupcake,26,20,0,8,10.37,0,5,1.0,decreasing,9,2026-08-28,2026-09-24
-1002464854565,Study in Forest - فورست 👩🏻‍💻,208,15375,73.9,60,wishing tree,76,21,0,45,13.12,0,11,0.0,decreasing,1,2026-06-13,2026-10-02
-1002496621999,Do your best🩺,10,870,87.0,90,cherry blossom,8,19,0,4,4.38,0,2,,stable,96,2026-06-13,2026-06-29
-1002511165129,Notebook of بلال,12,340,28.3,30,bellflower,3,14,2,1,12.0,0,1,1.0,increasing,108,2026-06-17,2026-06-17
-1002564908559,د.رعود,2,115,57.5,25,flaming katy,2,18,2,1,2.0,0,1,0.0,insufficient_data,45,2026-08-19,2026-08-19
-1002573942133,🎖️Study Space🎖️,7,420,60.0,60,celestial tree,7,13,5,2,7.0,0,1,,stable,105,2026-06-15,2026-06-20
-1002598238036,FOREST WITH LAYAN,12,645,53.8,60,winter starlight,3,15,1,7,8.4,0,3,0.0,decreasing,102,2026-06-13,2026-06-23
-1002672677985,Blue Horizon💙✨,439,33240,75.7,60,confederate rose,82,20,1,65,33.77,9,28,0.333,increasing,0,2026-07-04,2026-10-03
-1002676217113,Study with me,44,4045,91.9,90,hyacinth,23,14,5,9,2.99,0,2,1.0,increasing,7,2026-06-15,2026-09-26
-1002724088633,Study with me - Forest🌲📚,174,13460,77.4,60,blueberry cupcake,56,16,1,39,10.88,10,10,0.0,decreasing,0,2026-06-13,2026-10-03
-1002763777577,Building habits - بناء عادات صحية,2,150,75.0,60,confederate rose,2,11,3,1,2.0,0,1,0.0,insufficient_data,79,2026-07-16,2026-07-16
-1002788519036,Forest Y,60,4255,70.9,60,epiphyllum,44,15,1,13,24.71,0,6,,increasing,11,2026-09-05,2026-09-22
-1002899804730,وَهَـج الهِـمـة✨,374,39225,104.9,90,jacaranda,69,19,4,85,24.02,0,25,0.0,stable,1,2026-06-15,2026-10-02
-1002911938910,Disappearing Notes,17,696,40.9,25,royal poinciana,5,20,6,2,17.0,0,2,1.0,decreasing,111,2026-06-13,2026-06-14
-1002925673510,هِمّة | study together | دراسه جماعيه,265,22450,84.7,90,twilight guardian,69,20,5,57,23.78,33,33,0.75,stable,0,2026-07-17,2026-10-03
-1002925997135,𝐑𝐨𝐝𝐲’𝐬 𝐒𝐭𝐮𝐝𝐲 📚 | جَـدَاوِل فُـوْرِسْت,3,180,60.0,60,bellflower,3,19,3,1,3.0,0,1,,insufficient_data,9,2026-09-24,2026-09-24
-1002945417165,ѕᴛụᴅʏ ɴᴏᴛᴇ | ɴᴏɴ,434,32675,75.3,60,maple,105,21,5,61,45.34,0,25,0.529,stable,2,2026-07-26,2026-10-01
-1002952515207,forest with 🛰️,14,1340,95.7,120,moth orchid,3,19,3,8,7.0,5,5,,increasing,0,2026-09-19,2026-10-03
-1003043191832,Study with me | Forest 🎀🕯️,1,60,60.0,60,confederate rose,1,15,5,1,1.0,0,1,,insufficient_data,14,2026-09-19,2026-09-19
-1003129900626,Skinny notes 🗒️ .,19,1860,97.9,60,epiphyllum,15,18,1,9,2.18,0,5,0.0,increasing,27,2026-07-07,2026-09-06
-1003149674809,Forest - study room,20,1520,76.0,90,golden wings,13,20,0,6,8.75,0,4,,stable,3,2026-09-14,2026-09-30
-1003200190691,𝐒𝐭𝐮𝐝𝐲 𝐰𝐢𝐭𝐡 𝐮𝐬,13,1170,90.0,90,bird of paradise,12,20,3,6,1.21,0,2,,decreasing,30,2026-06-20,2026-09-03
-1003276003144,Forest 🌲🏵️ غابة التركيز 🏵️🌲,147,10615,72.2,90,moth orchid,31,16,3,30,9.27,1,5,0.679,increasing,0,2026-06-14,2026-10-03
-1003338446704,·.·´𝐒𝐭𝐮𝐝𝐲 𝐰𝐢𝐭𝐡 𝐦𝐞`·.·,48,5490,114.4,90,wishing tree,16,0,4,15,10.5,0,9,0.0,stable,77,2026-06-16,2026-07-18
-1003359711305,𝑽𝒂𝒍𝒌𝒚𝒓𝒊𝒆,76,7745,101.9,90,blue oak tree,40,17,4,20,16.12,0,8,,increasing,8,2026-08-23,2026-09-25
-1003392987524,غِراسك 🌿,1,60,60.0,60,celestial tree,1,14,3,1,1.0,0,1,,insufficient_data,30,2026-09-03,2026-09-03
-1003430792317,فورست🪻🇸🇦,5,330,66.0,60,blueberry cake,5,0,6,2,5.0,0,2,,increasing,110,2026-06-14,2026-06-15
-1003505378355,معا لدعس المبكر 🌲,950,110025,115.8,120,wishing tree,116,17,5,111,59.91,0,108,0.181,increasing,1,2026-06-13,2026-10-02
-1003514594291,🌸𝑽𝒂𝒍𝒍𝒆𝒚 𝒐𝒇 𝑭𝒍𝒐𝒘𝒆𝒓𝒔🌸,61,3720,61.0,60,confederate rose,27,22,6,20,6.19,0,9,0.0,stable,43,2026-06-13,2026-08-21
-1003525934077,Focus with the forest,282,33595,119.1,120,epiphyllum,33,20,6,65,18.8,0,40,1.0,stable,2,2026-06-18,2026-10-01
-1003540693399,Raydiary,3,270,90.0,90,bellflower,2,16,5,1,3.0,0,1,1.0,insufficient_data,112,2026-06-13,2026-06-13
-1003558139583,Forest |👨🏻‍💻فياض,196,25085,128.0,120,wishing tree,37,21,1,61,12.25,9,25,0.0,stable,0,2026-06-13,2026-10-03
-1003575260192,𝒯𝑜 𝒹𝓇𝑒𝒶𝓂 | 🍓’𝚜 𝚏𝚘𝚛𝚎𝚜𝚝✨,65,6435,99.0,60,sunflower,25,18,0,28,4.46,0,7,,decreasing,8,2026-06-15,2026-09-25
-1003583183088,₊˚. 𝑳𝒊𝒍𝒚’𝒔 𝑺𝒕𝒖𝒅𝒚 ₊˚.༄,69,5915,85.7,90,ginkgo,43,21,2,15,4.88,0,5,0.0,decreasing,13,2026-06-13,2026-09-20
-1003606066670,Plus Ultra|مذاكرة فورست,12,670,55.8,60,golden wings,9,10,5,5,0.81,0,2,0.5,decreasing,8,2026-06-13,2026-09-25
-1003612055022,لا أبرح حتى أبلغ | Forest Rooms,2,240,120.0,120,None,1,10,0,1,2.0,0,1,,insufficient_data,110,2026-06-15,2026-06-15
-1003617246147,🌳community MED45,66,3985,60.4,60,lily flower,27,22,3,19,12.49,6,6,0.0,stable,0,2026-08-27,2026-10-03
-1003631065536,Forest KSU💙,38,2500,65.8,60,celestial tree,18,16,6,5,38.0,0,5,0.0,stable,108,2026-06-13,2026-06-17
-1003640097381,Study With Me “Forest “🌱🎧,53,3870,73.0,60,wisteria,31,1,4,14,3.37,2,8,0.0,decreasing,0,2026-06-15,2026-10-03
-1003705232184,Ins𝜋re,6,670,111.7,120,cedar,5,18,6,2,0.82,0,1,,stable,18,2026-07-26,2026-09-15
-1003706612657,رُوح | رومات,42,3460,82.4,60,azalea,27,21,5,15,6.53,0,5,,stable,44,2026-07-06,2026-08-20
-1003708880225,Study with miffy,2,100,50.0,30,wishing tree,1,16,0,1,2.0,0,1,,insufficient_data,75,2026-07-20,2026-07-20
-1003710705782,𝓓𝓻.𝓝𝓞𝓝📚🩺,114,7265,63.7,60,ice crystal bloom,37,18,0,23,23.47,0,7,,stable,2,2026-08-28,2026-10-01
-1003718275696,Study session️✨️,91,7180,78.9,60,coconut tree,41,15,4,25,5.84,0,9,,stable,3,2026-06-13,2026-09-30
-1003720186307,𝐅𝐨𝐜𝐮𝐬 𝐒𝐞𝐬𝐬𝐢𝐨𝐧 🌳,84,7400,88.1,60,plum blossom,34,14,4,35,5.82,0,5,,decreasing,9,2026-06-15,2026-09-24
-1003726481081,Study Trip 👏🏻,259,20785,80.3,90,confederate rose,74,18,0,56,16.19,3,12,0.2,stable,0,2026-06-13,2026-10-03
-1003726940570,عَـزم | STUDY WITH AZM,2,150,75.0,60,blueberry macaron,2,14,5,2,2.0,0,1,,insufficient_data,105,2026-06-14,2026-06-20
-1003727341068,Forest||𝑺𝒕𝒖𝒅𝒚 𝒘𝒊𝒕𝒉 𝒖𝒔,331,22965,69.4,60,wishing flower,79,11,5,73,20.87,0,19,0.424,decreasing,1,2026-06-13,2026-10-02
-1003736986727,𝑶𝑵𝑬 𝑴𝑶𝑹𝑬 𝑺𝑬𝑺𝑺𝑰𝑶𝑵 | 𝑭𝒐𝒓𝒆𝒔𝒕,2,175,87.5,85,golden trumpet tree,2,15,6,1,2.0,0,1,,insufficient_data,6,2026-09-27,2026-09-27
-1003739016112,The Focus Club✨📚,9,255,28.3,15,None,1,15,5,5,3.94,0,2,,stable,18,2026-08-30,2026-09-15
-1003742596850,Study with Beto,10,1020,102.0,90,dahlia,7,18,1,4,1.21,0,2,,decreasing,53,2026-06-14,2026-08-11
-1003744135935,Forest|V,8,765,95.6,90,cosmos,6,9,0,3,8.0,0,3,,stable,89,2026-07-04,2026-07-06
-1003748297291,SWU | Forest,158,12760,80.8,60,coconut tree,52,18,5,44,10.15,0,10,0.0,increasing,3,2026-06-13,2026-09-30
-1003754449268,معا لدعس قياس 🌲,86,6960,80.9,90,lavender,40,11,5,18,35.41,0,18,0.5,decreasing,90,2026-06-18,2026-07-05
-1003764438294,Cozy study room,340,32535,95.7,90,golden trumpet tree,64,13,2,62,34.0,42,42,0.0,stable,0,2026-07-25,2026-10-03
-1003766525113,𝓜,7,247,35.3,30,moth orchid,6,9,5,1,7.0,0,1,0.0,increasing,14,2026-09-19,2026-09-19
-1003813432366,study with BB/🍄,16,1140,71.2,60,calendula,9,14,3,4,16.0,0,4,,stable,41,2026-08-20,2026-08-23
-1003821405134,Focus station 📚🎓🎉,80,5160,64.5,60,coconut tree,38,16,0,16,31.11,0,7,0.0,increasing,2,2026-09-13,2026-10-01
-1003823196155,progress&doodles club,12,1140,95.0,120,golden wings,6,10,4,8,1.17,0,2,0.0,increasing,3,2026-07-20,2026-09-30
-1003823451670,رومات فورست | شغف✨,353,31050,88.0,90,wishing tree,84,17,1,59,41.18,40,40,0.4,stable,0,2026-08-04,2026-10-03
-1003826640742,⊹ ࣪ ˖ Stu(dying) for A+⏱ ୭˚. ᵎ,420,28245,67.2,60,plum blossom,72,23,0,68,26.25,35,35,0.111,stable,0,2026-06-13,2026-10-03
-1003839717075,كونان | 𝐅𝐨𝐫𝐞𝐬𝐭,48,5070,105.6,120,plum blossom,27,20,0,25,3.17,0,3,0.5,increasing,6,2026-06-13,2026-09-27
-1003841778915,Study with me forest 🎖️,68,6230,91.6,90,golden trumpet tree,27,0,5,17,28.0,10,10,,stable,0,2026-09-16,2026-10-03
-1003843656129,Study with ocean,80,6731,84.1,90,epiphyllum,31,1,2,22,17.5,0,12,0.231,increasing,80,2026-06-13,2026-07-15
-1003849948566,𝑻𝒉𝒓𝒊𝒗𝒆 🕯️| 𝒅𝒆𝒆𝒑 𝒇𝒐𝒄𝒖𝒔,597,35905,60.1,60,moth orchid,111,17,4,89,37.31,4,15,0.0,decreasing,0,2026-06-13,2026-10-03
-1003866858539,𝔽𝕠𝕣𝕖𝕤𝕥+عشوائيات,3,270,90.0,90,None,1,14,0,1,3.0,0,1,,insufficient_data,110,2026-06-15,2026-06-15
-1003870916119,قراية,1,90,90.0,90,dandelion,1,22,0,1,1.0,0,1,,insufficient_data,68,2026-07-27,2026-07-27
-1003909836929,💮Forest|فوريست,307,27435,89.4,90,juliet,76,22,0,52,19.54,0,18,0.312,stable,2,2026-06-13,2026-10-01
-1003910637665,Little hope 🌧,1,90,90.0,90,cloud moon tree,1,20,5,1,1.0,0,1,,insufficient_data,21,2026-09-12,2026-09-12
-1003910941556,غابة البترول 🌲,637,62635,98.3,90,jacaranda,73,18,1,79,57.17,79,79,0.652,stable,0,2026-07-17,2026-10-03
-1003911761464,مَعين | Forest,34,3720,109.4,120,golden trumpet tree,23,18,3,12,7.44,0,7,,stable,3,2026-08-29,2026-09-30
-1003915074078,Forest Study & Work Channel,1,90,90.0,90,None,1,14,5,1,1.0,0,1,,insufficient_data,112,2026-06-13,2026-06-13
-1003919653750,𝓜,1,30,30.0,30,None,1,19,2,1,1.0,0,1,,insufficient_data,52,2026-08-12,2026-08-12
-1003920456216,Dr. Focus,4,225,56.2,60,plum blossom,1,11,3,2,4.0,0,2,,decreasing,36,2026-08-27,2026-08-28
-1003922536003,فوريست جلسة انجاز✨/ Focus Forest,39,4100,105.1,120,star coral,11,18,5,16,2.44,8,8,,increasing,0,2026-06-13,2026-10-03
-1003924001460,Study partner,111,8970,80.8,60,cloud moon tree,45,21,2,25,9.96,0,9,0.143,stable,17,2026-06-30,2026-09-16
-1003924495984,˚ 𝒩ℯ𝓇𝒹𝓎 𝒮𝓌𝒶𝓃 ˚𓍢ִ໋,21,1550,73.8,60,twilight guardian,14,19,4,5,18.38,0,2,0.0,increasing,1,2026-09-24,2026-10-02
-1003924992324,🪶,7,500,71.4,50,snowflake bush,5,8,0,2,7.0,0,2,0.0,decreasing,46,2026-08-17,2026-08-18
-1003942737707,The blooming forest 🌷,6,360,60.0,60,apple tree,6,7,6,1,6.0,0,1,,stable,111,2026-06-14,2026-06-14
-1003944073421,Dʀᴇᴀᴍ & Sᴛᴜᴅʏ,133,8810,66.2,60,juliet,38,21,5,29,9.13,0,13,0.667,increasing,3,2026-06-20,2026-09-30
-1003947660200,Forest KSU ☘️,18,1050,58.3,60,forest spirit,7,21,4,3,18.0,0,3,,stable,1,2026-09-30,2026-10-02
-1003954624932,𝙎𝙩𝙪𝙙𝙮 𝘾𝙖𝙙𝙚𝙣𝙘𝙚,87,5370,61.7,60,bird of paradise,43,18,2,14,46.85,0,14,,stable,45,2026-08-06,2026-08-19
-1003963598662,𝑩𝒆𝒓𝒓𝒚 𝑴𝒆𝒅 𝑷𝒂𝒕𝒉 | 𝑺𝒕𝒖𝒅𝒚 🫐,605,50515,83.5,90,moth orchid,93,21,1,79,41.12,0,60,0.417,stable,9,2026-06-13,2026-09-24
-1003964122630,Forest قتام|Qatam,1,10,10.0,10,None,1,19,0,1,1.0,0,1,,insufficient_data,110,2026-06-15,2026-06-15
-1003969461615,FOREST | إزرع معي 🌱,2,180,90.0,90,weeping willow,1,21,4,1,2.0,0,1,1.0,insufficient_data,15,2026-09-18,2026-09-18
-1003972171835,Moonlight Study Forest 🕯🍂,3,180,60.0,60,allium,3,0,5,2,3.0,0,2,0.0,insufficient_data,14,2026-09-18,2026-09-19
-1003980214444,يَقِين,2,240,120.0,120,confederate rose,2,7,0,1,2.0,0,1,,insufficient_data,47,2026-08-17,2026-08-17
-1003988661946,Forest Schedules|🪴,9,900,100.0,90,epiphyllum,7,17,0,3,9.0,0,2,,increasing,109,2026-06-13,2026-06-16
-1003995076321,𝐒𝐭𝐮𝐝𝐲 𝐰𝐢𝐭𝐡 𝐦𝐞|𝐅𝐨𝐫𝐞𝐬𝐭,193,14940,77.4,60,wishing tree,64,16,5,39,25.02,0,12,,decreasing,54,2026-06-17,2026-08-10
-1003998326919,𝐅𝐨𝐫𝐞𝐬𝐭 𝐑𝐨𝐨𝐦𝐬,31,3390,109.4,120,ice crystal bloom,13,0,1,11,19.73,0,6,0.333,stable,63,2026-07-21,2026-08-01
-1003998610935,Forest Rooms,6,600,100.0,120,bear's paw,6,6,1,2,2.8,0,1,0.5,increasing,87,2026-06-23,2026-07-08
-1004269035205,୨୧ 𝑭𝒐𝒓𝒆𝒔𝒕 ୨୧,11,840,76.4,50,water spirit,4,11,4,4,8.56,0,2,,increasing,97,2026-06-19,2026-06-28
-1004292476321,𝑭𝒐𝒓𝒆𝒔𝒕,5,420,84.0,90,maple,3,0,4,3,5.0,0,2,,decreasing,51,2026-08-07,2026-08-13
-1004293817854,Study hard,44,2820,64.1,60,unicorn tree,23,17,2,9,18.12,0,3,,increasing,3,2026-09-13,2026-09-30
-1004294831027,مئويات(jul)💯.,9,900,100.0,90,plum blossom,7,16,4,3,9.0,0,2,0.167,stable,95,2026-06-26,2026-06-30
-1004296945324,فورست,101,5605,55.5,50,snowflake bush,30,18,5,28,17.24,0,14,0.5,stable,1,2026-08-22,2026-10-02
-1004307530370,Study with yara,14,1290,92.1,90,tulip,8,15,2,3,14.0,0,3,,stable,78,2026-07-15,2026-07-17
-1004310119042,رومات فورست | forest,9,670,74.4,50,lotus,5,17,2,3,3.5,0,1,,decreasing,3,2026-09-12,2026-09-30
-1004310932269,𝐹𝑜𝑟𝑒𝑠𝑡,3,135,45.0,45,lotus,2,0,4,1,3.0,0,1,1.0,insufficient_data,50,2026-08-14,2026-08-14
-1004313558379,𝐓𝐡𝐞 𝐒𝐭𝐮𝐝𝐲 𝐂𝐥𝐮𝐛 📚🥇,48,4870,101.5,120,blueberry macaron,27,14,5,17,3.61,0,3,0.5,stable,14,2026-06-18,2026-09-19
-1004333977239,Forest,8,445,55.6,30,golden trumpet tree,5,12,5,2,8.0,0,2,0.0,increasing,48,2026-08-15,2026-08-16
-1004334404589,منصة كايتو للقدرات,8,930,116.2,120,balloon flower,8,18,6,2,8.0,0,2,0.0,decreasing,83,2026-07-11,2026-07-12
-1004335280573,فورست,5,390,78.0,90,celestial tree,3,18,3,1,5.0,0,1,,decreasing,58,2026-08-06,2026-08-06
-1004338075903,STUDY WITH US (FOREST),110,11770,107.0,120,ginkgo,51,23,4,27,14.26,0,10,0.333,stable,1,2026-08-09,2026-10-02
-1004341830642,Discipline arena,5,510,102.0,60,moon tree,4,12,0,3,1.13,0,1,,increasing,72,2026-06-22,2026-07-23
-1004355781659,gap year 🥇Forest,55,3960,72.0,60,allium,17,22,5,11,35.0,10,10,0.5,decreasing,0,2026-09-22,2026-10-03
-1004359746618,f,4,90,22.5,25,coffee macaron,3,18,1,1,4.0,0,1,,decreasing,88,2026-07-07,2026-07-07
-1004361269643,Study with zo,51,4135,81.1,60,golden wings,28,13,1,11,29.75,0,6,0.0,increasing,2,2026-09-19,2026-10-01
-1004371934573,FOREST LOVER🌲,114,8445,74.1,60,wishing tree,64,9,2,29,23.47,0,15,0.119,stable,8,2026-08-22,2026-09-25
-1004381765109,جداول قدرات 📚,6,460,76.7,60,lotus,3,1,6,4,1.68,0,2,,increasing,10,2026-08-29,2026-09-23
-1004390863009,𝓜,8,448,56.0,60,wishing flower,7,10,4,4,8.0,0,4,0.0,decreasing,27,2026-09-03,2026-09-06
-1004391046926,البوصلة –🌲 𝑭𝒐𝒓𝒆𝒔𝒕,89,6470,72.7,60,lily flower,45,18,5,19,13.26,0,9,0.0,stable,11,2026-08-06,2026-09-22
-1004403904473,إنجاز,3,270,90.0,60,juniper,2,11,6,1,3.0,0,1,1.0,insufficient_data,48,2026-08-16,2026-08-16
-1004408467869,Study with Legacy,53,4400,83.0,60,pineapple tree house,30,10,1,17,18.55,0,11,0.5,increasing,25,2026-08-19,2026-09-08
-1004415756980,📚,34,1910,56.2,60,moon tree,7,21,1,10,9.92,0,5,0.0,stable,1,2026-09-08,2026-10-02
-1004422328881,Forest | 100,42,2865,68.2,60,plum blossom,23,17,3,12,10.14,0,2,,stable,3,2026-09-01,2026-09-30
-1004423255345,Forest | شــدى 🤍,28,2085,74.5,90,black forest cake,19,10,4,5,24.5,3,3,,stable,0,2026-09-25,2026-10-03
-1004426599239,بجرب,2,250,125.0,120,lotus,2,1,0,1,2.0,0,1,0.0,insufficient_data,75,2026-07-20,2026-07-20
-1004427772441,sessions,3,270,90.0,90,rose,3,12,1,1,3.0,0,1,1.0,insufficient_data,60,2026-08-04,2026-08-04
-1004431974934,Forest🌳,55,4530,82.4,90,carnation,22,19,5,13,12.83,0,4,,stable,7,2026-08-27,2026-09-26
-1004432368209,Study With JoJo🪐,21,1260,60.0,60,forest spirit,18,16,4,8,18.38,0,7,0.667,stable,1,2026-09-24,2026-10-02
-1004433803003,سمك ريكوردات شرح,1,60,60.0,60,cloud moon tree,1,15,5,1,1.0,0,1,,insufficient_data,112,2026-06-13,2026-06-13
-1004433813878,studying,8,480,60.0,60,allium,8,20,6,3,8.0,0,2,,stable,104,2026-06-18,2026-06-21
-1004438171297,Study with Jawaher,35,3035,86.7,90,blueberry cupcake,30,13,1,12,9.07,0,5,,stable,2,2026-09-04,2026-10-01
-1004446359194,ذُرى| 𝓓𝓱𝓾𝓻𝓪,2,240,120.0,120,sunflower,1,8,4,1,2.0,0,1,,insufficient_data,50,2026-08-14,2026-08-14
-1004448311416,جداول مزنوقين - طريقك للتقنيت,17,1020,60.0,60,citrus macaron,14,14,1,4,9.15,0,1,0.0,stable,61,2026-07-21,2026-08-03
-1004449212209,رومات المبكر مرة اخرى,184,19945,108.4,120,jacaranda,40,14,0,36,35.78,22,22,0.0,stable,0,2026-08-28,2026-10-03
-1004452295359,𝓜,4,190,47.5,25,snapdragons,2,18,2,1,4.0,0,1,0.0,decreasing,3,2026-09-30,2026-09-30
-1004460572870,Study with WINNERS,97,8980,92.6,90,confederate rose,50,19,5,27,15.79,4,7,,increasing,0,2026-08-21,2026-10-03
-1004465481670,soul l,3,240,80.0,60,12th anniversary cake tree,3,8,2,3,3.0,0,3,,insufficient_data,99,2026-06-24,2026-06-26
-1004466238455,خـطّــتـك | رومات,176,12365,70.3,60,cosmos,48,15,6,40,11.3,0,15,0.0,stable,2,2026-06-14,2026-10-01
-1004484758196,Deep Focus,4,240,60.0,60,moon tree,2,0,5,2,4.0,0,2,0.5,stable,104,2026-06-20,2026-06-21
-1004485533500,رومات فورست | شمس للقدرات,117,9180,78.5,90,plum blossom,50,16,1,33,13.88,0,17,0.0,increasing,1,2026-08-04,2026-10-02
-1004485787545,Forest🌳🌱,1,120,120.0,120,snowflake bush,1,5,5,1,1.0,0,1,,insufficient_data,56,2026-08-08,2026-08-08
-1004490691070,سَعي | Study with Forest,59,5070,85.9,90,jacaranda fairy,27,18,1,6,59.0,0,6,,stable,2,2026-09-26,2026-10-01
-1004496170514,~,10,140,14.0,5,mooncake tree,4,18,1,3,10.0,0,3,0.167,increasing,30,2026-09-01,2026-09-03
-1004498215259,IAU Forest 🌱,4,240,60.0,60,bellflower,4,0,1,1,4.0,0,1,,stable,67,2026-07-28,2026-07-28
-1004498885303,🌸🌸🌸,2,145,72.5,60,celestial tree,1,17,4,1,2.0,0,1,,insufficient_data,22,2026-09-11,2026-09-11
